DATE,Open,High,Low,Close,Adj Close,Volume,HM4UP,LM4D
1971-02-01,100,102.190002,99.68,101.339996,101.339996,0,0,0
1971-03-01,101.779999,105.970001,101.779999,105.970001,105.970001,0,1,0
1971-04-01,106.339996,112.459999,106.339996,112.300003,112.300003,0,1,0
1971-05-01,111.349998,111.769997,107.5,108.25,108.25,0,0,0
1971-06-01,108.870003,110.760002,105.489998,107.800003,107.800003,0,0,0
1971-07-01,108.470001,111.239998,105.269997,105.269997,105.269997,0,0,0
1971-08-01,105.589996,109.300003,103.040001,108.419998,108.419998,0,0,0
1971-09-01,108.650002,110.580002,108.18,109.029999,109.029999,0,0,0
1971-10-01,109.580002,110.980003,104.279999,105.099998,105.099998,0,0,1
1971-11-01,103.690002,105.720001,100.309998,103.970001,103.970001,0,0,0
1971-12-01,105,114.120003,105,114.120003,114.120003,0,1,0
1972-01-01,113.650002,118.870003,113.650002,118.870003,118.870003,0,1,0
1972-02-01,119.580002,125.379997,119.580002,125.379997,125.379997,0,1,0
1972-03-01,126.290001,128.850006,125.730003,128.139999,128.139999,0,0,0
1972-04-01,128.059998,134.100006,128.059998,131.330002,131.330002,0,1,0
1972-05-01,130.160004,133.949997,125.779999,132.529999,132.529999,0,0,0
1972-06-01,133.130005,133.520004,129.309998,130.080002,130.080002,0,0,0
1972-07-01,130.589996,131.860001,127.089996,127.75,127.75,0,0,0
1972-08-01,128.449997,131.699997,128.449997,129.949997,129.949997,0,0,0
1972-09-01,130.699997,130.699997,126.82,129.610001,129.610001,0,0,0
1972-10-01,129.300003,130.240005,125.870003,130.240005,130.240005,0,0,0
1972-11-01,131.589996,133.580002,131.589996,132.960007,132.960007,0,0,0
1972-12-01,133.940002,135.149994,131.080002,133.729996,133.729996,0,0,0
1973-01-01,134.630005,136.839996,128.220001,128.399994,128.399994,0,0,1
1973-02-01,126.940002,127.190002,119.800003,120.410004,120.410004,0,0,1
1973-03-01,119.529999,122.279999,115.470001,117.459999,117.459999,0,0,0
1973-04-01,115.790001,115.790001,107.849998,107.849998,107.849998,0,0,1
1973-05-01,107.959999,110.889999,100.760002,102.639999,102.639999,0,0,1
1973-06-01,102.300003,104.790001,99.43,100.980003,100.980003,0,0,0
1973-07-01,100.150002,109.360001,99.389999,108.639999,108.639999,0,1,0
1973-08-01,107.129997,107.300003,101.339996,104.870003,104.870003,0,0,1
1973-09-01,105.5,111.269997,105.330002,111.199997,111.199997,0,1,0
1973-10-01,110.970001,114.099998,110.169998,110.169998,110.169998,0,0,0
1973-11-01,109.620003,109.620003,93.07,93.510002,93.510002,0,0,1
1973-12-01,91.970001,93.540001,88.669998,92.190002,92.190002,0,0,0
1974-01-01,92.529999,95.949997,91.419998,94.93,94.93,0,0,0
1974-02-01,94.150002,94.349998,90.080002,94.349998,94.349998,0,0,1
1974-03-01,94.050003,96.529999,92.269997,92.269997,92.269997,0,0,0
1974-04-01,91.900002,92.129997,86.040001,86.860001,86.860001,0,0,1
1974-05-01,87.629997,87.970001,79.779999,80.199997,80.199997,0,0,1
1974-06-01,81.080002,83.919998,75.959999,75.959999,75.959999,0,0,1
1974-07-01,75.389999,75.389999,69.82,69.989998,69.989998,0,0,1
1974-08-01,69.629997,71.68,61.369999,62.369999,62.369999,0,0,1
1974-09-01,60.880001,60.880001,55.669998,55.669998,55.669998,0,0,1
1974-10-01,55.48,65.230003,54.869999,65.230003,65.230003,0,1,0
1974-11-01,65.059998,66.720001,60.75,62.950001,62.950001,0,0,1
1974-12-01,61.66,61.66,57.860001,59.82,59.82,0,0,1
1975-01-01,60.700001,69.779999,60.700001,69.779999,69.779999,0,1,0
1975-02-01,70.730003,73.790001,70.129997,73,73,0,1,0
1975-03-01,73.830002,76.269997,73.830002,75.660004,75.660004,0,0,0
1975-04-01,75.419998,79.080002,74.339996,78.540001,78.540001,0,1,0
1975-05-01,79.269997,83.099998,79.269997,83.099998,83.099998,0,1,0
1975-06-01,83.879997,87.019997,82.989998,87.019997,87.019997,0,0,0
1975-07-01,86.330002,88,82.669998,83.190002,83.190002,0,0,1
1975-08-01,81.620003,81.620003,75.519997,79.010002,79.010002,0,0,1
1975-09-01,77.889999,78.129997,73.779999,74.330002,74.330002,0,0,1
1975-10-01,73.800003,78.910004,73.800003,76.989998,76.989998,0,1,0
1975-11-01,76.620003,79.269997,76.620003,78.800003,78.800003,0,0,0
1975-12-01,78.660004,78.660004,74.519997,77.620003,77.620003,0,0,1
1976-01-01,78.059998,87.050003,78.059998,87.050003,87.050003,0,1,0
1976-02-01,87.279999,92.089996,87.25,90.260002,90.260002,0,1,0
1976-03-01,90.25,91.209999,89.470001,90.620003,90.620003,0,0,0
1976-04-01,90.440002,91.550003,88.599998,90.080002,90.080002,0,0,0
1976-05-01,89.050003,90.639999,87.779999,88.040001,88.040001,0,0,0
1976-06-01,87.809998,90.32,86.949997,90.32,90.32,0,0,0
1976-07-01,90.279999,92.519997,90.279999,91.290001,91.290001,0,0,0
1976-08-01,91.269997,92.010002,89.129997,89.699997,89.699997,0,0,0
1976-09-01,90.589996,92.440002,90.529999,91.260002,91.260002,0,0,0
1976-10-01,90.440002,90.459999,88.730003,90.349998,90.349998,0,0,0
1976-11-01,90.389999,91.419998,87.82,91.120003,91.120003,0,0,0
1976-12-01,91.830002,97.879997,91.830002,97.879997,97.879997,0,1,0
1977-01-01,97.690002,97.690002,95.540001,95.540001,95.540001,0,0,0
1977-02-01,96.300003,96.739998,94.57,94.57,94.57,0,0,0
1977-03-01,95.139999,96.580002,94.129997,94.129997,94.129997,0,0,0
1977-04-01,94.540001,96.360001,93.660004,95.480003,95.480003,0,0,0
1977-05-01,95.830002,98.470001,95.589996,95.589996,95.589996,0,0,0
1977-06-01,95.860001,99.730003,95.800003,99.730003,99.730003,0,1,0
1977-07-01,99.900002,103.110001,99.900002,100.650002,100.650002,0,0,0
1977-08-01,100.760002,101.050003,99.889999,100.099998,100.099998,0,0,0
1977-09-01,100.400002,101.279999,99.470001,100.849998,100.849998,0,0,0
1977-10-01,101.160004,101.690002,96.830002,97.519997,97.519997,0,0,1
1977-11-01,96.739998,104.330002,96.489998,103.150002,103.150002,0,1,0
1977-12-01,103.68,105.050003,102.5,105.050003,105.050003,0,0,0
1978-01-01,104,104,99.089996,100.839996,100.839996,0,0,1
1978-02-01,101.540001,103.580002,101.470001,101.470001,101.470001,0,0,0
1978-03-01,101.470001,106.199997,101.470001,106.199997,106.199997,0,1,0
1978-04-01,105.889999,115.18,105.889999,115.18,115.18,0,1,0
1978-05-01,115.959999,121.93,115.959999,120.239998,120.239998,0,1,0
1978-06-01,120.339996,124.510002,119.18,120.300003,120.300003,0,0,0
1978-07-01,120.150002,126.32,118.82,126.32,126.32,0,1,0
1978-08-01,126.809998,135.839996,126.809998,135.009995,135.009995,0,1,0
1978-09-01,135.350006,139.25,132.009995,132.889999,132.889999,0,0,0
1978-10-01,133.300003,135.580002,111.120003,111.120003,111.120003,0,0,1
1978-11-01,114.650002,116.169998,110.879997,114.690002,114.690002,0,0,0
1978-12-01,116.190002,119.150002,114.330002,117.980003,117.980003,0,0,0
1979-01-01,117.839996,127.040001,117.839996,125.82,125.82,0,1,0
1979-02-01,125.760002,125.830002,122.559998,122.559998,122.559998,0,0,0
1979-03-01,123.330002,131.759995,123.330002,131.759995,131.759995,0,1,0
1979-04-01,131.360001,134.779999,131.360001,133.820007,133.820007,0,0,0
1979-05-01,133.789993,134.199997,128.990005,131.419998,131.419998,0,0,0
1979-06-01,131.759995,138.130005,131.759995,138.130005,138.130005,0,1,0
1979-07-01,137.029999,141.330002,137.029999,141.330002,141.330002,0,0,0
1979-08-01,141.899994,150.440002,141.899994,150.440002,150.440002,0,1,0
1979-09-01,148.490005,150.649994,146.029999,149.979996,149.979996,0,0,0
1979-10-01,149.589996,152.289993,132.610001,135.529999,135.529999,0,0,1
1979-11-01,136.419998,144.259995,134.139999,144.259995,144.259995,0,1,0
1979-12-01,143.860001,151.139999,143.860001,151.139999,151.139999,0,1,0
1980-01-01,148.169998,161.75,145.970001,161.75,161.75,0,1,0
1980-02-01,162.300003,165.25,157.460007,158.029999,158.029999,0,0,0
1980-03-01,156.869995,156.869995,124.089996,131,131,0,0,1
1980-04-01,133.139999,139.990005,133.080002,139.990005,139.990005,0,1,0
1980-05-01,139.679993,150.699997,139.679993,150.449997,150.449997,0,1,0
1980-06-01,150.169998,159.179993,149.919998,157.779999,157.779999,0,1,0
1980-07-01,158.169998,172.330002,158.169998,171.809998,171.809998,0,1,0
1980-08-01,172.490005,182.389999,171.889999,181.520004,181.520004,0,1,0
1980-09-01,182.339996,195.940002,182.339996,187.759995,187.759995,0,1,0
1980-10-01,189.619995,199.429993,189.619995,192.779999,192.779999,0,1,0
1980-11-01,193.149994,208.149994,193.100006,208.149994,208.149994,0,1,0
1980-12-01,204.910004,206.190002,188.75,202.339996,202.339996,0,0,1
1981-01-01,203.550003,204.169998,195.889999,197.809998,197.809998,0,0,0
1981-02-01,193.089996,198.009995,192.289993,198.009995,198.009995,0,0,0
1981-03-01,199.059998,210.179993,198.160004,210.179993,210.179993,0,1,0
1981-04-01,211.339996,219.880005,211.270004,216.740005,216.740005,0,1,0
1981-05-01,216.679993,223.470001,211.550003,223.470001,223.470001,0,0,0
1981-06-01,223.020004,223.020004,215.75,215.75,215.75,0,0,0
1981-07-01,214.630005,214.630005,206.160004,211.630005,211.630005,0,0,0
1981-08-01,210.399994,212.360001,195.75,195.75,195.75,0,0,1
1981-09-01,195.169998,195.389999,175.029999,180.029999,180.029999,0,0,1
1981-10-01,181.089996,195.240005,181.089996,195.240005,195.240005,0,1,0
1981-11-01,197.25,201.369995,197.160004,201.369995,201.369995,0,0,0
1981-12-01,201.130005,201.130005,193.910004,195.839996,195.839996,0,0,0
1982-01-01,195.529999,195.529999,183.410004,188.389999,188.389999,0,0,1
1982-02-01,186.820007,188.210007,177.490005,179.429993,179.429993,0,0,1
1982-03-01,180.130005,180.139999,167.919998,175.649994,175.649994,0,0,1
1982-04-01,177.309998,185.800003,177.309998,184.699997,184.699997,0,1,0
1982-05-01,184.970001,188.220001,178.369995,178.539993,178.539993,0,0,0
1982-06-01,177.360001,177.820007,168,171.300003,171.300003,0,0,1
1982-07-01,170.600006,172.110001,166.800003,167.350006,167.350006,0,0,0
1982-08-01,168.369995,178.169998,159.139999,177.710007,177.710007,0,1,1
1982-09-01,177.300003,189.039993,177.300003,187.649994,187.649994,0,1,0
1982-10-01,188.699997,215.289993,188.020004,212.630005,212.630005,0,1,0
1982-11-01,214.520004,232.610001,214.520004,232.309998,232.309998,0,1,0
1982-12-01,235.589996,240.699997,225.600006,232.410004,232.410004,0,0,1
1983-01-01,230.589996,248.350006,230.589996,248.350006,248.350006,0,1,0
1983-02-01,248.149994,262.440002,248.149994,260.670013,260.670013,0,1,0
1983-03-01,261.820007,270.890015,261.820007,270.799988,270.799988,0,0,0
1983-04-01,268.730011,293.059998,266.470001,293.059998,293.059998,0,1,0
1983-05-01,290.540009,312.049988,289.649994,308.730011,308.730011,0,1,0
1983-06-01,307.950012,328.910004,307.950012,318.700012,318.700012,0,1,0
1983-07-01,321.579987,321.579987,303.959991,303.959991,303.959991,0,0,1
1983-08-01,302.079987,303.859985,289.359985,292.420013,292.420013,0,0,1
1983-09-01,294.549988,304.559998,294.549988,296.649994,296.649994,0,0,0
1983-10-01,294.640015,297.420013,274.549988,274.549988,274.549988,0,0,1
1983-11-01,273.040009,285.670013,269.570007,285.670013,285.670013,0,1,0
1983-12-01,286.070007,286.070007,274.51001,278.600006,278.600006,0,0,1
1984-01-01,277.630005,287.899994,268.429993,268.429993,268.429993,0,0,0
1984-02-01,266.429993,266.429993,247.089996,252.570007,252.570007,0,0,1
1984-03-01,253.5,255.539993,249.009995,250.779999,250.779999,0,0,0
1984-04-01,249.800003,249.800003,241.789993,247.440002,247.440002,0,0,0
1984-05-01,250.259995,253.009995,231.929993,232.820007,232.820007,0,0,1
1984-06-01,235.899994,241.110001,235.619995,239.649994,239.649994,0,0,0
1984-07-01,237.910004,238.289993,225.300003,229.699997,229.699997,0,0,1
1984-08-01,233.350006,254.809998,233.350006,254.639999,254.639999,0,1,0
1984-09-01,251.389999,255.600006,249.940002,249.940002,249.940002,0,0,0
1984-10-01,247.860001,252.199997,243.289993,247,247,911370000,0,0
1984-11-01,247.100006,252.300003,242.399994,242.399994,242.399994,1212490000,0,0
1984-12-01,241.899994,250.199997,237.699997,247.100006,247.100006,1282870000,0,0
1985-01-01,247.100006,278.899994,245.800003,278.700012,278.700012,1782060000,1,0
1985-02-01,277.899994,289.299988,277.899994,284.200012,284.200012,1742850000,1,0
1985-03-01,285.100006,287.799988,275.600006,279.200012,279.200012,1611310000,0,0
1985-04-01,279.5,284.799988,276.200012,280.600006,280.600006,1506450000,0,0
1985-05-01,280.5,294.799988,278.799988,290.799988,290.799988,1673270000,1,0
1985-06-01,291.399994,296.200012,286.700012,296.200012,296.200012,1582580000,0,0
1985-07-01,295.899994,307.899994,295.5,301.299988,301.299988,1769440000,1,0
1985-08-01,302.600006,304.600006,295.100006,297.700012,297.700012,1636000000,0,0
1985-09-01,297.299988,297.700012,279.5,280.299988,280.299988,1334990000,0,1
1985-10-01,280.600006,292.799988,276.600006,292.5,292.5,1858340000,1,0
1985-11-01,293,314,292.5,314,314,1840880000,1,0
1985-12-01,313.899994,325.600006,312.299988,324.899994,324.899994,2212020000,0,0
1986-01-01,325,335.799988,322.100006,335.799988,335.799988,2410850000,0,0
1986-02-01,336.100006,359.799988,335.799988,359.5,359.5,2345500000,1,0
1986-03-01,360,374.700012,359.100006,374.700012,374.700012,2595900000,1,0
1986-04-01,375.799988,393,368,383.200012,383.200012,2814600000,1,0
1986-05-01,383.200012,400.399994,381.5,400.200012,400.200012,2412320000,1,0
1986-06-01,400.700012,405.5,391.799988,405.5,405.5,2569400000,0,0
1986-07-01,407,411.299988,369.100006,371.399994,371.399994,2411040000,0,1
1986-08-01,372.5,383.200012,364.399994,382.899994,382.899994,2101540000,0,0
1986-09-01,382.799988,384,342.299988,350.700012,350.700012,2203180000,0,1
1986-10-01,352.5,361.600006,351.200012,360.799988,360.799988,2152890000,0,0
1986-11-01,361,362.5,349.100006,359.600006,359.600006,2074770000,0,0
1986-12-01,357.399994,364.700012,347,348.799988,348.799988,2608890000,0,0
1987-01-01,351.299988,396.200012,348.799988,392.100006,392.100006,3184620000,1,0
1987-02-01,393.799988,425,392,425,425,3029700000,1,0
1987-03-01,425,440,422.899994,430.100006,430.100006,3305000000,0,0
1987-04-01,426.299988,439.200012,407.399994,417.799988,417.799988,3027000000,0,1
1987-05-01,418.600006,424.799988,404.5,416.5,416.5,2783700000,0,0
1987-06-01,415.5,429.899994,413.5,424.700012,424.700012,3274900000,0,0
1987-07-01,424.5,434.899994,423.700012,434.899994,434.899994,3379500000,0,0
1987-08-01,433.299988,455.799988,431.200012,455,455,3136000000,1,0
1987-09-01,455.5,456.299988,434.899994,444.299988,444.299988,3092900000,0,1
1987-10-01,446.200012,453.700012,288.5,323.299988,323.299988,4074200000,0,1
1987-11-01,325.399994,328.799988,301.600006,305.200012,305.200012,2497350000,0,1
1987-12-01,306.399994,333.200012,291.899994,330.5,330.5,2943710000,1,1
1988-01-01,335.100006,349.700012,329,344.700012,344.700012,2465240000,1,0
1988-02-01,346.200012,367,343.5,367,367,2492870000,1,0
1988-03-01,367.399994,382.600006,366.700012,374.600006,374.600006,3154880000,1,0
1988-04-01,373.700012,384.299988,369.799988,379.200012,379.200012,2502240000,0,0
1988-05-01,379,383.100006,362.399994,370.299988,370.299988,2467340000,0,1
1988-06-01,372.700012,394.799988,372.700012,394.700012,394.700012,3096040000,1,0
1988-07-01,394.200012,397.5,382.100006,387.299988,387.299988,2609630000,0,0
1988-08-01,387.600006,389.5,372.200012,376.600006,376.600006,2590980000,0,0
1988-09-01,374.200012,388.399994,372.200012,387.700012,387.700012,2344120000,0,0
1988-10-01,384.700012,388.899994,380.700012,382.5,382.5,2496530000,0,0
1988-11-01,382.700012,383.100006,364,371.5,371.5,2285850000,0,1
1988-12-01,372.100006,381.399994,371.200012,381.399994,381.399994,2486740000,0,0
1989-01-01,378.899994,401.399994,376.899994,401.299988,401.299988,2716010000,1,0
1989-02-01,401.799988,410.100006,398.200012,399.700012,399.700012,2527450000,0,0
1989-03-01,401,409.799988,397.799988,406.700012,406.700012,2869270000,0,0
1989-04-01,407,427.600006,406.5,427.600006,427.600006,2661880000,1,0
1989-05-01,425.899994,446.200012,425.799988,446.200012,446.200012,3074870000,1,0
1989-06-01,446.799988,454.600006,431.700012,435.299988,435.299988,3014700000,0,0
1989-07-01,434.5,453.799988,434.399994,453.799988,453.799988,2499440000,1,0
1989-08-01,455.200012,469.399994,452.399994,469.299988,469.299988,3057070000,0,0
1989-09-01,469.899994,474.600006,464.899994,472.899994,472.899994,2623010000,0,0
1989-10-01,472.799988,487.5,447.100006,455.600006,455.600006,3160470000,0,1
1989-11-01,456.200012,457.799988,446.799988,456.100006,456.100006,2532190000,0,0
1989-12-01,456.600006,459.399994,431.799988,454.799988,454.799988,2777730000,0,1
1990-01-01,452.899994,461.600006,410,415.799988,415.799988,3027830000,0,1
1990-02-01,416.799988,430.899994,416.200012,425.799988,425.799988,2420920000,0,0
1990-03-01,425.299988,443.299988,424.5,435.5,435.5,2885450000,1,0
1990-04-01,431.600006,438.5,417,420.100006,420.100006,2591450000,0,0
1990-05-01,422,460,420.700012,459,459,3468570000,1,0
1990-06-01,459.5,469.399994,453.200012,462.299988,462.299988,3142690000,0,0
1990-07-01,461.600006,470.299988,436.799988,438.200012,438.200012,2984860000,0,1
1990-08-01,437.700012,438.600006,359.700012,381.200012,381.200012,3111320000,0,1
1990-09-01,379,385.200012,334.600006,344.5,344.5,2089400000,0,1
1990-10-01,349,360.899994,323,329.799988,329.799988,2688480000,0,1
1990-11-01,328.600006,359.100006,327.799988,359.100006,359.100006,2378230000,1,0
1990-12-01,361.100006,378,359.799988,373.799988,373.799988,2500100000,1,0
1991-01-01,373,414.200012,353,414.200012,414.200012,2924360000,1,1
1991-02-01,415.100006,454.200012,413.5,453.100006,453.100006,3312960000,1,0
1991-03-01,450.600006,483.320007,450.299988,482.299988,482.299988,3585210000,1,0
1991-04-01,480.179993,512.679993,479.119995,484.720001,484.720001,4113980000,1,0
1991-05-01,481.940002,506.119995,476.579987,506.109985,506.109985,3377720000,1,0
1991-06-01,505.839996,508.040009,470.920013,475.920013,475.920013,2835480000,0,1
1991-07-01,478.059998,502.130005,471.23999,502.040009,502.040009,3098110000,1,0
1991-08-01,502.269989,527.710022,487.079987,525.679993,525.679993,3274400000,1,0
1991-09-01,526.299988,529.210022,511.049988,526.880005,526.880005,3215650000,0,0
1991-10-01,527.140015,543.01001,513.210022,542.97998,542.97998,4070930000,0,0
1991-11-01,542.169983,558.159973,516.390015,523.900024,523.900024,3700150000,0,1
1991-12-01,519.47998,586.349976,518.630005,586.340027,586.340027,3632360000,1,0
1992-01-01,580.039978,632.98999,576.130005,620.210022,620.210022,5605540000,1,0
1992-02-01,620.570007,646.090027,617.080017,633.469971,633.469971,4219570000,1,0
1992-03-01,634.039978,637.210022,599.599976,603.77002,603.77002,4048220000,0,1
1992-04-01,598.619995,603.169983,557.059998,578.679993,578.679993,3946710000,0,1
1992-05-01,579.72998,591.210022,571.01001,585.309998,585.309998,3114980000,0,0
1992-06-01,583.669983,591.070007,545.950012,563.599976,563.599976,3589630000,0,1
1992-07-01,563.72998,581.01001,553.76001,580.830017,580.830017,3591650000,0,0
1992-08-01,579.619995,583.840027,550.359985,563.119995,563.119995,3083350000,0,1
1992-09-01,562.51001,594.210022,562.359985,583.27002,583.27002,3700770000,1,0
1992-10-01,581.080017,606.580017,551.719971,605.169983,605.169983,4223690000,1,1
1992-11-01,603.76001,652.75,603.309998,652.72998,652.72998,4404630000,1,0
1992-12-01,650.580017,676.950012,648.75,676.950012,676.950012,4949710000,1,0
1993-01-01,675.309998,711.030029,670.51001,696.340027,696.340027,5187460000,1,0
1993-02-01,697.97998,711.280029,647.789978,670.77002,670.77002,4973610000,0,1
1993-03-01,670.880005,697.409973,668.73999,690.130005,690.130005,5119150000,0,0
1993-04-01,690.820007,691.150024,644.710022,661.419983,661.419983,4887000000,0,1
1993-05-01,662.75,707.049988,661.429993,700.530029,700.530029,5106460000,1,0
1993-06-01,700.960022,706.630005,682.890015,703.950012,703.950012,5371310000,0,0
1993-07-01,702.01001,713.960022,694.530029,704.700012,704.700012,5191300000,0,0
1993-08-01,706.380005,742.909973,705.059998,742.840027,742.840027,5712060000,1,0
1993-09-01,743.650024,766.570007,724.47998,762.780029,762.780029,5776680000,0,0
1993-10-01,761.619995,791.200012,758.900024,779.26001,779.26001,6700790000,0,0
1993-11-01,780.369995,786.099976,737.669983,754.390015,754.390015,6246880000,0,1
1993-12-01,759.900024,776.869995,750.299988,776.799988,776.799988,6225130000,0,0
1994-01-01,774.109985,800.630005,768.409973,800.469971,800.469971,6683340000,0,0
1994-02-01,798.419983,799.98999,767.299988,792.5,792.5,5993960000,0,0
1994-03-01,792.099976,804.429993,731.849976,743.460022,743.460022,7321980000,0,1
1994-04-01,723.059998,755.349976,703.400024,733.840027,733.840027,5623380000,1,0
1994-05-01,733.969971,742.460022,703.840027,735.190002,735.190002,5743170000,0,1
1994-06-01,733.179993,744.940002,690.950012,705.960022,705.960022,6016150000,0,1
1994-07-01,706.289978,725.190002,699.409973,722.159973,722.159973,5335860000,0,0
1994-08-01,722.840027,767.599976,715.909973,765.619995,765.619995,6695930000,1,0
1994-09-01,763,779.580017,752.48999,764.289978,764.289978,5964610000,0,0
1994-10-01,764.469971,778.809998,737.619995,777.48999,777.48999,6625590000,0,0
1994-11-01,776.25,776.859985,728.780029,750.320007,750.320007,6188120000,0,1
1994-12-01,748.830017,751.97998,710.940002,751.960022,751.960022,6169730000,0,1
1995-01-01,751.309998,774.309998,740.469971,755.200012,755.200012,6429730000,0,0
1995-02-01,756.679993,796.02002,756.679993,793.72998,793.72998,6206060000,1,0
1995-03-01,794.330017,829.919983,790.349976,817.210022,817.210022,7600900000,1,0
1995-04-01,816.059998,844.419983,810.890015,843.97998,843.97998,6910700000,0,0
1995-05-01,844.719971,885.919983,839.429993,864.580017,864.580017,8133750000,1,0
1995-06-01,865.669983,941.169983,863.840027,933.450012,933.450012,8795140000,1,0
1995-07-01,933.98999,1023.030029,931.98999,1001.210022,1001.210022,9056140000,1,0
1995-08-01,1001.570007,1035.189941,970.809998,1020.109985,1020.109985,9872930000,0,0
1995-09-01,1019.419983,1070.22998,1008.440002,1043.540039,1043.540039,8983540000,1,0
1995-10-01,1041.390015,1050.650024,959.359985,1036.060059,1036.060059,9660490000,0,1
1995-11-01,1037.300049,1068.810059,1016.580017,1059.199951,1059.199951,9544310000,0,0
1995-12-01,1060.660034,1074.849976,1001.530029,1052.130005,1052.130005,9972500000,0,1
1996-01-01,1052.829956,1059.810059,977.789978,1059.790039,1059.790039,11326210000,0,1
1996-02-01,1058.26001,1121.890015,1057.819946,1100.050049,1100.050049,10690430000,1,0
1996-03-01,1098.939941,1119.839966,1057.869995,1101.400024,1101.400024,10648850000,0,0
1996-04-01,1105.77002,1190.869995,1092.439941,1190.52002,1190.52002,11951730000,1,0
1996-05-01,1190.47998,1252.810059,1163.209961,1243.430054,1243.430054,14550600000,1,0
1996-06-01,1242.540039,1254.119995,1147.75,1185.02002,1185.02002,11479100000,0,1
1996-07-01,1185.640015,1198.040039,1008.440002,1080.589966,1080.589966,11807920000,0,1
1996-08-01,1081.339966,1153.900024,1080.410034,1141.5,1141.5,9696450000,1,0
1996-09-01,1133.300049,1237.26001,1123.140015,1226.920044,1226.920044,10646990000,1,0
1996-10-01,1223.72998,1269.619995,1202.359985,1221.51001,1221.51001,12543840000,0,0
1996-11-01,1223.719971,1293.75,1218.22998,1292.609985,1292.609985,10973580000,1,0
1996-12-01,1294.780029,1328.949951,1251.030029,1291.030029,1291.030029,11852910000,0,0
1997-01-01,1292.650024,1400.530029,1272.339966,1379.849976,1379.849976,14074400000,1,0
1997-02-01,1383.969971,1384.51001,1296.880005,1309,1309,12037800000,0,1
1997-03-01,1306.209961,1332.339966,1220.400024,1221.699951,1221.699951,11834210000,0,1
1997-04-01,1211.280029,1267.410034,1194.160034,1260.76001,1260.76001,12452400000,1,0
1997-05-01,1263.930054,1414.26001,1260.939941,1400.319946,1400.319946,12905590000,1,0
1997-06-01,1407.069946,1467.290039,1375.449951,1442.069946,1442.069946,12580930000,1,0
1997-07-01,1442.650024,1595.76001,1432.420044,1593.810059,1593.810059,14331570000,1,0
1997-08-01,1594.670044,1638.26001,1545.130005,1587.319946,1587.319946,13420440000,0,0
1997-09-01,1595.069946,1702.48999,1595.069946,1685.689941,1685.689941,14680150000,1,0
1997-10-01,1690.790039,1748.780029,1465.839966,1593.609985,1593.609985,18850990000,0,1
1997-11-01,1609.619995,1654.430054,1508.410034,1600.550049,1600.550049,11687640000,0,1
1997-12-01,1608.560059,1652.839966,1486.51001,1570.349976,1570.349976,14926610000,0,1
1998-01-01,1574.099976,1629.540039,1465.609985,1619.359985,1619.359985,13738080000,0,1
1998-02-01,1640.060059,1783.73999,1640.060059,1770.51001,1770.51001,14564140000,1,0
1998-03-01,1778.719971,1840.829956,1708.47998,1835.680054,1835.680054,16973400000,0,0
1998-04-01,1838.150024,1931.829956,1788.73999,1868.410034,1868.410034,17292480000,1,0
1998-05-01,1871.810059,1890.800049,1742.050049,1778.869995,1778.869995,14377770000,0,1
1998-06-01,1770.369995,1898.619995,1715.040039,1894.73999,1894.73999,15899310000,1,0
1998-07-01,1904.23999,2028.180054,1871.719971,1872.390015,1872.390015,17597450000,1,0
1998-08-01,1869.719971,1874.310059,1498.72998,1499.25,1499.25,15746140000,0,1
1998-09-01,1509.01001,1769.709961,1475.48999,1693.839966,1693.839966,15884050000,1,0
1998-10-01,1663.300049,1781.630005,1343.869995,1771.390015,1771.390015,19397870000,1,1
1998-11-01,1783.709961,2025.040039,1771.400024,1949.540039,1949.540039,17697660000,1,0
1998-12-01,1928.51001,2200.629883,1924.150024,2192.689941,2192.689941,19075670000,1,0
1999-01-01,2207.540039,2506.679932,2192.679932,2505.889893,2505.889893,20526060000,1,0
1999-02-01,2522.379883,2533.439941,2224.209961,2288.030029,2288.030029,17439250000,0,1
1999-03-01,2286.830078,2520.629883,2235.189941,2461.399902,2461.399902,21196320000,1,0
1999-04-01,2493.070068,2677.76001,2329.870117,2542.860107,2542.860107,23426400000,1,1
1999-05-01,2546.330078,2632.73999,2339.120117,2470.52002,2470.52002,18519390000,0,1
1999-06-01,2467.51001,2696.870117,2364.590088,2686.120117,2686.120117,19607990000,1,1
1999-07-01,2692.959961,2874.919922,2619.080078,2638.48999,2638.48999,20915660000,1,0
1999-08-01,2638.310059,2819.899902,2442.219971,2739.350098,2739.350098,20246710000,1,1
1999-09-01,2752.330078,2897.530029,2684.699951,2746.159912,2746.159912,21333490000,1,0
1999-10-01,2729.040039,2978.629883,2632.01001,2966.429932,2966.429932,22684970000,1,0
1999-11-01,2970.929932,3469.350098,2967.629883,3336.159912,3336.159912,28754050000,1,0
1999-12-01,3341.100098,4090.610107,3321.570068,4069.310059,4069.310059,31236210000,1,0
2000-01-01,4186.189941,4303.149902,3711.090088,3940.350098,3940.350098,33421060000,0,1
2000-02-01,3961.070068,4698.459961,3911.840088,4696.689941,4696.689941,35644700000,1,0
2000-03-01,4732.819824,5132.52002,4355.689941,4572.830078,4572.830078,43200490000,1,1
2000-04-01,4494.890137,4572.839844,3227.040039,3860.659912,3860.659912,35147970000,0,1
2000-05-01,3930.179932,3982.379883,3042.659912,3400.909912,3400.909912,30831980000,0,1
2000-06-01,3471.949951,4073.72998,3459.850098,3966.110107,3966.110107,33352380000,1,0
2000-07-01,3950.590088,4289.060059,3615.790039,3766.98999,3766.98999,30916110000,1,1
2000-08-01,3760.949951,4208.72998,3521.139893,4206.350098,4206.350098,33222920000,1,1
2000-09-01,4252.149902,4259.870117,3614.659912,3672.820068,3672.820068,34727330000,0,1
2000-10-01,3714.47998,3714.47998,3026.110107,3369.629883,3369.629883,44129010000,0,1
2000-11-01,3316.51001,3480.01001,2523.040039,2597.929932,2597.929932,38181910000,1,1
2000-12-01,2644.090088,3028.75,2288.159912,2470.52002,2470.52002,44347190000,1,1
2001-01-01,2474.159912,2892.360107,2251.709961,2772.72998,2772.72998,49399780000,1,1
2001-02-01,2771.570068,2796.889893,2127.5,2151.830078,2151.830078,36428040000,0,1
2001-03-01,2126.300049,2243.780029,1794.209961,1840.26001,1840.26001,44719260000,1,1
2001-04-01,1835.219971,2202.860107,1619.579956,2116.23999,2116.23999,42649960000,1,1
2001-05-01,2116.23999,2328.050049,2052.409912,2110.48999,2110.48999,41465750000,1,0
2001-06-01,2131.120117,2264.580078,1973.699951,2160.540039,2160.540039,36577380000,1,1
2001-07-01,2156.76001,2181.050049,1934.670044,2027.130005,2027.130005,32812530000,0,1
2001-08-01,2051.560059,2103.159912,1777.109985,1805.430054,1805.430054,32437350000,0,1
2001-09-01,1802.290039,1836.189941,1387.060059,1498.800049,1498.800049,30829450000,0,1
2001-10-01,1491.449951,1792.869995,1458.410034,1690.199951,1690.199951,43885890000,1,0
2001-11-01,1705.52002,1965.089966,1683.98999,1930.579956,1930.579956,38324730000,1,0
2001-12-01,1915.130005,2065.689941,1898.97998,1950.400024,1950.400024,35539380000,1,0
2002-01-01,1965.180054,2098.879883,1851.48999,1934.030029,1934.030029,39095980000,1,1
2002-02-01,1928.829956,1942.150024,1696.550049,1731.48999,1731.48999,34022690000,0,1
2002-03-01,1745.48999,1946.22998,1742.079956,1845.349976,1845.349976,34619370000,1,0
2002-04-01,1834.589966,1865.369995,1640.969971,1688.22998,1688.22998,38648510000,0,1
2002-05-01,1683.76001,1759.329956,1560.290039,1615.72998,1615.72998,39802810000,1,1
2002-06-01,1613.5,1621.5,1375.530029,1463.209961,1463.209961,36638230000,0,1
2002-07-01,1457.040039,1459.839966,1192.420044,1328.26001,1328.26001,45237670000,0,1
2002-08-01,1322.469971,1426.76001,1205.680054,1314.849976,1314.849976,31490760000,1,1
2002-09-01,1302.670044,1347.27002,1160.069946,1172.060059,1172.060059,29029680000,0,1
2002-10-01,1180.26001,1347.579956,1108.48999,1329.75,1329.75,38730160000,1,1
2002-11-01,1320.949951,1497.439941,1313.719971,1478.780029,1478.780029,35673650000,1,0
2002-12-01,1507.939941,1521.439941,1327.189941,1335.51001,1335.51001,29122630000,0,1
2003-01-01,1346.930054,1467.349976,1303.640015,1320.910034,1320.910034,30898030000,1,0
2003-02-01,1324.73999,1352.069946,1261.790039,1337.52002,1337.52002,24374040000,0,1
2003-03-01,1344.209961,1425.72998,1253.219971,1341.170044,1341.170044,31136990000,1,1
2003-04-01,1347.540039,1482.48999,1338.22998,1464.310059,1464.310059,30761430000,1,0
2003-05-01,1463,1599.920044,1451.319946,1595.910034,1595.910034,38423310000,1,0
2003-06-01,1612.099976,1686.099976,1584.699951,1622.800049,1622.800049,41170990000,1,0
2003-07-01,1617.300049,1776.099976,1598.920044,1735.02002,1735.02002,38212570000,1,0
2003-08-01,1731.630005,1813.819946,1640.880005,1810.449951,1810.449951,30294060000,1,1
2003-09-01,1817.920044,1913.73999,1783.459961,1786.939941,1786.939941,39917180000,1,0
2003-10-01,1797.069946,1966.869995,1796.089966,1932.209961,1932.209961,41226870000,1,0
2003-11-01,1941.310059,1992.27002,1878.069946,1960.26001,1960.26001,34049930000,0,0
2003-12-01,1972.969971,2015.22998,1887.459961,2003.369995,2003.369995,35470880000,0,1
2004-01-01,2011.079956,2153.830078,1999.77002,2066.149902,2066.149902,45972690000,1,0
2004-02-01,2072.129883,2094.919922,1991.050049,2029.819946,2029.819946,35916840000,0,0
2004-03-01,2036.920044,2069.02002,1896.910034,1994.219971,1994.219971,42497500000,0,1
2004-04-01,1996.449951,2079.120117,1919.390015,1920.150024,1920.150024,40153120000,1,0
2004-05-01,1928.719971,1991.869995,1865.400024,1986.73999,1986.73999,32652780000,0,0
2004-06-01,1978.52002,2055.649902,1960.26001,2047.790039,2047.790039,32602090000,0,0
2004-07-01,2045.530029,2045.530029,1829.060059,1887.359985,1887.359985,35711700000,0,1
2004-08-01,1874.930054,1893.130005,1750.819946,1838.099976,1838.099976,30823660000,0,1
2004-09-01,1833.369995,1925.849976,1833.329956,1896.839966,1896.839966,31295080000,1,0
2004-10-01,1909.589966,1984.180054,1899.329956,1974.98999,1974.98999,35975380000,0,0
2004-11-01,1975.47998,2117.889893,1969.319946,2096.810059,2096.810059,37928210000,1,0
2004-12-01,2104.580078,2185.560059,2097.860107,2175.439941,2175.439941,44379920000,0,0
2005-01-01,2184.75,2191.600098,2008.680054,2062.409912,2062.409912,43135970000,0,1
2005-02-01,2063.27002,2103.449951,2023,2051.719971,2051.719971,36633150000,0,0
2005-03-01,2057.469971,2100.570068,1968.579956,1999.22998,1999.22998,39780380000,0,1
2005-04-01,2009.089966,2021.819946,1889.829956,1921.650024,1921.650024,37517930000,0,1
2005-05-01,1923.22998,2076.800049,1916.030029,2068.219971,2068.219971,34223410000,1,0
2005-06-01,2067.22998,2106.570068,2039.689941,2056.959961,2056.959961,36702320000,0,0
2005-07-01,2060.969971,2201.389893,2050.300049,2184.830078,2184.830078,32702310000,1,0
2005-08-01,2191.48999,2219.909912,2112.25,2152.090088,2152.090088,34238710000,0,0
2005-09-01,2150.030029,2186.830078,2093.060059,2151.689941,2151.689941,34790080000,0,0
2005-10-01,2152.699951,2167,2025.579956,2120.300049,2120.300049,36500900000,0,1
2005-11-01,2109.889893,2269.300049,2108.860107,2232.820068,2232.820068,35854200000,1,0
2005-12-01,2244.850098,2278.159912,2200.51001,2205.320068,2205.320068,34343260000,0,0
2006-01-01,2216.530029,2332.919922,2189.909912,2305.820068,2305.820068,41781780000,1,0
2006-02-01,2294.110107,2313.530029,2232.679932,2281.389893,2281.389893,37103890000,0,0
2006-03-01,2288.149902,2353.139893,2239.540039,2339.790039,2339.790039,47567350000,0,0
2006-04-01,2352.23999,2375.540039,2299.419922,2322.570068,2322.570068,39227480000,0,0
2006-05-01,2329.790039,2352.560059,2135.810059,2178.879883,2178.879883,45923780000,0,1
2006-06-01,2179.820068,2233.879883,2065.110107,2172.090088,2172.090088,43418010000,0,1
2006-07-01,2177.909912,2190.439941,2012.780029,2091.469971,2091.469971,36405330000,0,1
2006-08-01,2080.340088,2193.340088,2048.219971,2183.75,2183.75,38177580000,1,0
2006-09-01,2194.560059,2273.300049,2147.439941,2258.429932,2258.429932,37304950000,0,0
2006-10-01,2257,2379.290039,2224.209961,2366.709961,2366.709961,42714580000,1,0
2006-11-01,2373.48999,2468.419922,2316.820068,2431.77002,2431.77002,38943340000,0,0
2006-12-01,2430.75,2470.949951,2392.949951,2415.290039,2415.290039,35073670000,0,0
2007-01-01,2429.719971,2508.929932,2394.659912,2463.929932,2463.929932,42688490000,0,0
2007-02-01,2474.080078,2531.419922,2395.350098,2416.149902,2416.149902,39700560000,0,0
2007-03-01,2377.179932,2459.959961,2331.570068,2421.639893,2421.639893,43563900000,0,0
2007-04-01,2425.360107,2562.98999,2409.040039,2525.090088,2525.090088,39717000000,1,0
2007-05-01,2529.949951,2607.899902,2510.570068,2604.52002,2604.52002,44252460000,0,0
2007-06-01,2614.01001,2634.600098,2534.969971,2603.22998,2603.22998,45340310000,0,0
2007-07-01,2617.389893,2724.73999,2545.899902,2546.27002,2546.27002,45107360000,1,0
2007-08-01,2538.5,2627.75,2386.689941,2596.360107,2596.360107,52126030000,0,1
2007-09-01,2596.379883,2716.75,2536.929932,2701.5,2701.5,35257250000,1,0
2007-10-01,2704.25,2861.51001,2698.139893,2859.120117,2859.120117,48751620000,1,0
2007-11-01,2835,2835.629883,2539.810059,2660.959961,2660.959961,50214790000,0,1
2007-12-01,2654.909912,2734.820068,2553.98999,2652.280029,2652.280029,37753390000,0,0
2008-01-01,2653.909912,2661.5,2202.540039,2389.860107,2389.860107,55211960000,0,1
2008-02-01,2392.580078,2419.22998,2252.649902,2271.47998,2271.47998,45767570000,0,1
2008-03-01,2271.26001,2346.780029,2155.419922,2279.100098,2279.100098,44966440000,0,1
2008-04-01,2306.51001,2451.189941,2266.290039,2412.800049,2412.800049,42726250000,1,0
2008-05-01,2416.48999,2551.469971,2416.48999,2522.659912,2522.659912,42783110000,1,0
2008-06-01,2514.820068,2549.939941,2290.590088,2292.97998,2292.97998,45968100000,0,1
2008-07-01,2274.23999,2353.389893,2167.290039,2325.550049,2325.550049,50672460000,0,1
2008-08-01,2326.830078,2473.199951,2280.929932,2367.52002,2367.52002,39482890000,1,0
2008-09-01,2402.110107,2413.110107,1983.72998,2091.879883,2091.879883,51722940000,0,1
2008-10-01,2075.100098,2083.199951,1493.790039,1720.949951,1720.949951,62537120000,0,1
2008-11-01,1718.890015,1785.839966,1295.47998,1535.569946,1535.569946,41933210000,0,1
2008-12-01,1496.089966,1602.920044,1398.069946,1577.030029,1577.030029,39619890000,1,1
2009-01-01,1578.869995,1665.630005,1434.079956,1476.420044,1476.420044,39995600000,1,1
2009-02-01,1460.849976,1598.5,1372.420044,1377.839966,1377.839966,42380620000,1,1
2009-03-01,1356.130005,1587,1265.52002,1528.589966,1528.589966,49480930000,1,1
2009-04-01,1504.869995,1753.609985,1498.540039,1717.300049,1717.300049,48683640000,1,0
2009-05-01,1719.290039,1774.329956,1664.189941,1774.329956,1774.329956,47352030000,0,0
2009-06-01,1796.089966,1879.920044,1753.780029,1835.040039,1835.040039,51881250000,1,0
2009-07-01,1846.119995,2009.810059,1727.050049,1978.5,1978.5,47084360000,1,1
2009-08-01,1998.349976,2059.47998,1929.640015,2009.060059,2009.060059,44011670000,0,0
2009-09-01,2001.300049,2167.699951,1958.040039,2122.419922,2122.419922,49652910000,1,0
2009-10-01,2111.77002,2190.639893,2040.209961,2045.109985,2045.109985,50489640000,0,0
2009-11-01,2047.420044,2205.320068,2024.27002,2144.600098,2144.600098,38877300000,1,0
2009-12-01,2162.22998,2295.800049,2155.959961,2269.149902,2269.149902,39269070000,1,0
2010-01-01,2294.409912,2326.280029,2140.340088,2147.350098,2147.350098,45625830000,0,1
2010-02-01,2155.810059,2251.679932,2100.169922,2238.26001,2238.26001,42835360000,1,0
2010-03-01,2247.399902,2432.25,2247.330078,2397.959961,2397.959961,54955550000,1,0
2010-04-01,2411.679932,2535.280029,2383.77002,2461.189941,2461.189941,54528540000,1,0
2010-05-01,2472.320068,2503,2140.530029,2257.040039,2257.040039,57203120000,0,1
2010-06-01,2244.790039,2341.110107,2105.26001,2109.23999,2109.23999,48633730000,1,1
2010-07-01,2110.75,2307.600098,2061.139893,2254.699951,2254.699951,43910370000,1,0
2010-08-01,2283.320068,2309.429932,2099.290039,2114.030029,2114.030029,41794240000,0,1
2010-09-01,2142.75,2400.060059,2141.949951,2368.620117,2368.620117,41586870000,1,0
2010-10-01,2386.820068,2517.5,2332.459961,2507.409912,2507.409912,41539760000,1,0
2010-11-01,2520.449951,2592.939941,2459.790039,2498.22998,2498.22998,40893560000,0,0
2010-12-01,2535.189941,2675.26001,2535.189941,2652.870117,2652.870117,36306890000,1,0
2011-01-01,2676.649902,2766.169922,2663.639893,2700.080078,2700.080078,40221760000,0,0
2011-02-01,2717.610107,2840.51001,2705.540039,2782.27002,2782.27002,39225340000,1,0
2011-03-01,2791.080078,2802.320068,2603.5,2781.070068,2781.070068,45049990000,0,1
2011-04-01,2796.669922,2876.830078,2706.5,2873.540039,2873.540039,38024600000,0,0
2011-05-01,2881.280029,2887.75,2739.850098,2835.300049,2835.300049,42067110000,0,1
2011-06-01,2829.389893,2834.050049,2599.860107,2773.52002,2773.52002,42570710000,0,1
2011-07-01,2775.080078,2878.939941,2724.98999,2756.379883,2756.379883,37282980000,0,0
2011-08-01,2791.449951,2796.23999,2331.649902,2579.459961,2579.459961,56977870000,0,1
2011-09-01,2583.340088,2643.370117,2414.310059,2415.399902,2415.399902,42996470000,0,1
2011-10-01,2401.189941,2753.370117,2298.889893,2684.409912,2684.409912,42787830000,1,1
2011-11-01,2607.310059,2730.389893,2441.47998,2620.340088,2620.340088,38397210000,1,1
2011-12-01,2615.669922,2674.530029,2518.01001,2605.149902,2605.149902,33177490000,0,0
2012-01-01,2657.389893,2834.300049,2627.22998,2813.840088,2813.840088,35325900000,1,0
2012-02-01,2830.100098,3000.110107,2825.189941,2966.889893,2966.889893,37728460000,1,0
2012-03-01,2979.110107,3134.169922,2900.280029,3091.570068,3091.570068,36686310000,1,0
2012-04-01,3085.939941,3128.25,2946.040039,3046.360107,3046.360107,33793990000,0,1
2012-05-01,3044.790039,3085.399902,2774.449951,2827.340088,2827.340088,40115930000,0,1
2012-06-01,2810.129883,2942.280029,2726.679932,2935.050049,2935.050049,37458650000,1,0
2012-07-01,2938.409912,2987.939941,2837.719971,2939.52002,2939.52002,34686680000,0,0
2012-08-01,2956.719971,3100.540039,2890.850098,3066.959961,3066.959961,35708950000,1,0
2012-09-01,3063.25,3196.929932,3040.23999,3116.22998,3116.22998,33719730000,1,0
2012-10-01,3130.310059,3171.459961,2961.159912,2977.22998,2977.22998,36367020000,0,1
2012-11-01,2987.540039,3033.850098,2810.800049,3010.23999,3010.23999,36894240000,0,1
2012-12-01,3029.209961,3061.820068,2951.040039,3019.51001,3019.51001,33522490000,0,0
2013-01-01,3091.330078,3164.060059,3076.600098,3142.129883,3142.129883,39027620000,0,0
2013-02-01,3162.939941,3213.600098,3105.360107,3160.189941,3160.189941,35765430000,0,0
2013-03-01,3143.540039,3270.300049,3129.399902,3267.52002,3267.52002,33749180000,1,0
2013-04-01,3268.629883,3328.790039,3154.959961,3328.790039,3328.790039,36904330000,0,0
2013-05-01,3325.350098,3532.040039,3296.5,3455.909912,3455.909912,39144080000,1,0
2013-06-01,3460.76001,3488.310059,3294.949951,3403.25,3403.25,37528250000,0,1
2013-07-01,3430.47998,3649.350098,3415.22998,3626.370117,3626.370117,35889520000,1,0
2013-08-01,3654.179932,3694.189941,3573.570068,3589.870117,3589.870117,32934650000,0,0
2013-09-01,3622.639893,3798.76001,3593.620117,3771.47998,3771.47998,34997740000,1,0
2013-10-01,3774.179932,3966.709961,3650.030029,3919.709961,3919.709961,43017190000,1,0
2013-11-01,3932.449951,4069.699951,3855.070068,4059.889893,4059.889893,35818470000,0,0
2013-12-01,4065.659912,4177.72998,3979.590088,4176.589844,4176.589844,37139280000,0,0
2014-01-01,4160.029785,4246.549805,4044.76001,4103.879883,4103.879883,45227610000,0,0
2014-02-01,4105.060059,4342.589844,3968.189941,4308.120117,4308.120117,39978180000,1,0
2014-03-01,4261.419922,4371.709961,4131.810059,4198.990234,4198.990234,46796180000,0,0
2014-04-01,4219.870117,4286.089844,3946.030029,4114.560059,4114.560059,44391220000,0,1
2014-05-01,4121.25,4252.080078,4021.050049,4242.620117,4242.620117,39290130000,0,0
2014-06-01,4247.959961,4417.459961,4207.609863,4408.180176,4408.180176,40249370000,0,0
2014-07-01,4424.709961,4485.930176,4351.040039,4369.77002,4369.77002,39536410000,0,0
2014-08-01,4363.390137,4580.27002,4321.890137,4580.27002,4580.27002,33417300000,1,0
2014-09-01,4592.419922,4610.569824,4464.439941,4493.390137,4493.390137,39631130000,0,0
2014-10-01,4486.649902,4641.509766,4116.600098,4630.740234,4630.740234,50136190000,0,1
2014-11-01,4633.709961,4810.859863,4594.919922,4791.629883,4791.629883,32967990000,0,0
2014-12-01,4777.72998,4814.950195,4547.310059,4736.049805,4736.049805,39587090000,0,1
2015-01-01,4760.240234,4777.009766,4563.109863,4635.240234,4635.240234,38719030000,0,1
2015-02-01,4650.600098,4989.25,4580.459961,4963.529785,4963.529785,35773090000,1,0
2015-03-01,4973.430176,5042.140137,4825.930176,4900.879883,4900.879883,41204240000,0,0
2015-04-01,4894.359863,5119.830078,4844.390137,4941.419922,4941.419922,37409760000,1,0
2015-05-01,4966.319824,5111.540039,4888.169922,5070.029785,5070.029785,35994540000,0,0
2015-06-01,5094.939941,5164.359863,4956.22998,4986.870117,4986.870117,41338820000,0,0
2015-07-01,5029.049805,5231.939941,4901.509766,5128.279785,5128.279785,40633420000,1,0
2015-08-01,5134.339844,5175.259766,4292.140137,4812.709961,4812.709961,45767180000,0,1
2015-09-01,4673.609863,4960.870117,4487.060059,4620.160156,4620.160156,41503920000,1,0
2015-10-01,4624.459961,5095.689941,4552.339844,5053.75,5053.75,42348240000,1,0
2015-11-01,5065.640137,5163.470215,4908.660156,5108.669922,5108.669922,36834860000,0,0
2015-12-01,5129.640137,5176.77002,4871.589844,5007.410156,5007.410156,40617940000,0,1
2016-01-01,4897.649902,4926.72998,4313.390137,4613.950195,4613.950195,44877130000,0,1
2016-02-01,4587.589844,4636.930176,4209.759766,4557.950195,4557.950195,43108650000,0,1
2016-03-01,4596.009766,4899.140137,4581.75,4869.850098,4869.850098,40738880000,1,0
2016-04-01,4842.549805,4969.319824,4740.839844,4775.359863,4775.359863,38014300000,0,0
2016-05-01,4786.549805,4951.450195,4678.379883,4948.049805,4948.049805,38803240000,0,0
2016-06-01,4928.970215,4980.140137,4574.25,4842.669922,4842.669922,44213900000,0,1
2016-07-01,4837.180176,5175.810059,4786.009766,5162.129883,5162.129883,36050040000,1,0
2016-08-01,5167.419922,5275.740234,5109.799805,5213.220215,5213.220215,38754780000,0,0
2016-09-01,5218.279785,5342.879883,5097.799805,5312,5312,40054600000,0,0
2016-10-01,5300.290039,5340.52002,5169.759766,5189.140137,5189.140137,34644850000,0,0
2016-11-01,5199.77002,5403.859863,5034.410156,5323.680176,5323.680176,41870720000,0,0
2016-12-01,5323.879883,5512.370117,5238.209961,5444.5,5444.5,40597960000,0,0
2017-01-01,5425.620117,5669.609863,5397.990234,5614.790039,5614.790039,36027970000,1,0
2017-02-01,5654.509766,5867.890137,5616.399902,5825.439941,5825.439941,36709560000,0,0
2017-03-01,5874.859863,5928.060059,5769.390137,5911.740234,5911.740234,43937720000,0,0
2017-04-01,5917.319824,6074.040039,5805.149902,6047.609863,6047.609863,33793200000,0,0
2017-05-01,6067.560059,6221.990234,5996.810059,6198.52002,6198.52002,42285390000,0,0
2017-06-01,6215.910156,6341.700195,6087.810059,6140.419922,6140.419922,48689910000,0,0
2017-07-01,6173.290039,6460.839844,6081.959961,6348.120117,6348.120117,36063120000,1,0
2017-08-01,6372.160156,6435.27002,6177.189941,6428.660156,6428.660156,41236800000,0,0
2017-09-01,6442.169922,6497.97998,6334.589844,6495.959961,6495.959961,38177120000,0,0
2017-10-01,6506.080078,6737.75,6484.140137,6727.669922,6727.669922,41421370000,0,0
2017-11-01,6758.640137,6914.189941,6667.310059,6873.970215,6873.970215,41870380000,0,0
2017-12-01,6844.040039,7003.890137,6734.129883,6903.390137,6903.390137,38573170000,0,0
2018-01-01,6937.649902,7505.77002,6924.080078,7411.47998,7411.47998,44405890000,1,0
2018-02-01,7377.169922,7441.089844,6630.669922,7273.009766,7273.009766,43791970000,0,1
2018-03-01,7274.75,7637.27002,6901.069824,7063.450195,7063.450195,48355130000,1,1
2018-04-01,7016.169922,7319.580078,6805.959961,7066.27002,7066.27002,42932190000,1,0
2018-05-01,7053.649902,7492.419922,6991.140137,7442.120117,7442.120117,45405220000,1,0
2018-06-01,7487.660156,7806.600098,7419.560059,7510.299805,7510.299805,48305960000,1,0
2018-07-01,7451.899902,7933.310059,7443.100098,7671.790039,7671.790039,38678490000,1,0
2018-08-01,7701.819824,8133.299805,7659.52002,8109.540039,8109.540039,45900880000,1,0
2018-09-01,8087.950195,8104.069824,7873.930176,8046.350098,8046.350098,44545790000,0,0
2018-10-01,8091.5,8107.379883,6922.830078,7305.899902,7305.899902,61400960000,0,1
2018-11-01,7327.819824,7572.930176,6830.759766,7330.540039,7330.540039,48560650000,0,1
2018-12-01,7486.129883,7486.509766,6190.169922,6635.279785,6635.279785,48808340000,0,1
2019-01-01,6506.910156,7303.120117,6457.129883,7281.740234,7281.740234,49199040000,1,0
2019-02-01,7256.370117,7602.689941,7225.140137,7532.529785,7532.529785,42304540000,1,0
2019-03-01,7587.450195,7850.109863,7332.919922,7729.319824,7729.319824,49145540000,0,0
2019-04-01,7800.240234,8176.080078,7777.089844,8095.390137,8095.390137,43162800000,1,0
2019-05-01,8132.930176,8164.709961,7448.22998,7453.149902,7453.149902,47405100000,0,1
2019-06-01,7441.209961,8088.879883,7292.220215,8006.240234,8006.240234,44505410000,1,0
2019-07-01,8145.850098,8150.450195,8059.290039,8091.160156,8091.160156,2208900000,0,0
2019-07-02,8086.651367,8098.553223,8067.174316,8073.064941,8073.064941,697845249,0,0
