DATE,Open,High,Low,Close,Adj Close,Volume,HM4UP,HM3UP,ISM_PMI_Actual,경상수지,상품수지,BAA,UNRATE,T10Y2YM,NEWORDER,CSUSHPINSA,PCE,LREMTTTTUSM156S,DGORDER,TWEXBMTH,UNRATENSA,TCU,INDPRO,PPIACO,RMFSL,CPIAUCSL,HOUST,HSN1F,FEDFUNDS,USSLIND,TOTALSA,UMCSENT,서울아파트매매가격지수,AMBNS,수출물가지수,EXJPUS,EXKOUS,EXCHUS,XTEXVA01CNM667S,정책금리,GACDFSA066MSFRBPHI,XTIMVA01KRM667S,KORPROINDMISMEI,KORCPIALLMINMEI,LRUNTTTTKRM156S,한국실업률,IR3TCD01KRM156N,환율평균
2009-05-01,1386.02002,1436.920044,1315.209961,1395.890015,1395.890015,13548600,0,1,40.1,2329.4,3803.7,8.06,9.4,2.36,48777,148.178,9748.9,59.6,150082,106.3212,9.1,66.9601,87.4155,170.8,970.5,213.022,540,376,0.18,-1.34,10.176,68.7,92.3,1797.662,119.53,96.6445,1254.345,6.8235,91693975472,2,-22.4,23986456118,77.09242437,88.405,3.9,3.8,2.41,1255.62
2009-06-01,1394.920044,1437.76001,1350.310059,1390.069946,1390.069946,10956200,0,1,42.8,4064.7,5550.4,7.5,9.5,2.54,50508,149.804,9806.9,59.4,146586,104.9626,9.7,66.6872,87.0742,174.1,941.5,214.79,585,393,0.21,-0.81,10.149,70.8,92.7,1701.768,121.81,96.6145,1259.2932,6.8334,93764532100,2,0.2,25779315038,80.13367781,88.327,3.9,3.8,2.41,1262.28
2009-07-01,1386.329956,1559.069946,1377.599976,1557.290039,1557.290039,10618400,1,1,44.8,1987.7,3573.5,7.09,9.5,2.54,51053,150.752,9841.7,59.3,155213,104.5704,9.7,67.4362,88.0323,172.5,917.8,214.726,594,411,0.16,-0.26,11.565,66,93.5,1695.747,122.68,94.367,1259.6739,6.8317,97559948314,2,-6.6,27043202018,82.06883907,88.641,3.8,3.7,2.41,1261.96
2009-08-01,1561.939941,1616.290039,1530.650024,1591.849976,1591.849976,10723400,0,1,48.9,1169.6,2346.2,6.58,9.6,2.47,50126,150.67,9961,59.1,158266,103.3205,9.6,68.2344,89.019,175,891.4,215.445,586,418,0.16,-0.1,14.754,65.7,93.9,1727.451,122.94,94.8971,1238.9952,6.8323,99894473207,2,8.8,28434692557,82.73689474,88.955,3.8,3.7,2.48,1239.69
2009-09-01,1592.290039,1723.170044,1583.109985,1673.140015,1673.140015,10543400,1,1,52.9,2197.6,3513.5,6.31,9.8,2.44,52991,149.629,9883.4,58.7,157059,102.5432,9.5,68.8187,89.6926,174.1,865.4,215.861,585,386,0.15,0.26,9.536,73.5,95,1819.668,120.71,91.2748,1211.8643,6.8277,1.07E+11,2,15.1,30038212147,86.14817901,89.034,3.6,3.3,2.64,1215
2009-10-01,1680.459961,1685.01001,1564.410034,1580.689941,1580.689941,7676200,0,0,52.6,2512.2,3688.5,6.29,10,2.44,52061,148.589,9931.9,58.5,163669,101.0834,9.5,69.1297,89.9797,175.2,835,216.509,534,396,0.12,0.12,10.576,70.6,95.3,1964.315,117.04,90.3671,1173.7405,6.8267,1.10E+11,2,12.7,30283009959,84.552046,88.798,3.5,3.2,2.79,1174.8
2009-11-01,1543.23999,1630.410034,1519.400024,1555.599976,1555.599976,5595600,1,1,55.7,3013.8,4575.6,6.32,9.9,2.6,52778,147.947,9940.5,58.6,160032,100.6049,9.4,69.5147,90.3375,177.4,815.3,217.234,588,375,0.12,0.41,11.04,67.4,95.3,2046.347,117.32,89.2674,1162.8368,6.8271,1.10E+11,2,15.4,29418956560,85.06808901,88.955,3.7,3.3,2.79,1163.18
2009-12-01,1550.349976,1695.329956,1541.089966,1682.77002,1682.77002,7338600,1,1,53.6,1698.6,4162.6,6.37,9.9,2.72,54427,146.676,9998.9,58.3,159766,101.0176,9.7,69.8537,90.6132,178.1,791.5,217.347,581,352,0.12,0.59,11.284,72.5,95.3,2045.522,118.28,89.9509,1163.3109,6.8275,1.17E+11,2,16.5,31362070881,86.22418535,89.269,3.6,3.5,2.82,1166.13
2010-01-01,1681.709961,1723.219971,1595.390015,1602.430054,1602.430054,9179800,0,0,54.9,-1776.4,260.3,6.25,9.8,2.8,52365,145.003,10001.8,58.5,182084,101.3292,10.6,70.8069,91.6642,181.9,772,217.488,614,345,0.11,0.48,10.893,74.4,95.4,2018.743,117.23,91.1011,1138.1947,6.8269,1.15E+11,2,12.9,31980614350,87.35427952,89.974,4.7,5,2.88,1138.77
2010-02-01,1603.869995,1631.709961,1548.780029,1594.579956,1594.579956,7208400,0,0,58.4,-322.4,1411.1,6.34,9.8,2.83,53386,143.056,10030.6,58.5,177621,102.7845,10.4,71.2129,91.994,181,764.7,217.281,604,336,0.13,0.69,10.315,73.6,95.7,2141.174,118.67,90.1395,1155.6553,6.8285,1.31E+11,2,13.9,34003620054,89.00541712,90.156,4.1,4.8,2.88,1156.83
2010-03-01,1612.430054,1705.569946,1608.969971,1692.849976,1692.849976,9177000,1,1,56.5,917.1,3311.2,6.27,9.9,2.77,56130,143.596,10089.1,58.5,179916,101.9633,10.2,71.8411,92.5993,183.3,744.1,217.353,636,381,0.16,1,11.772,73.6,95.6,2097.924,118.16,90.7161,1136.0822,6.8262,1.16E+11,2,14.2,33718109515,90.15951329,90.338,3.7,4.1,2.83,1136.11
2010-04-01,1695.300049,1757.76001,1695.300049,1741.560059,1741.560059,9276800,0,1,59.6,796.9,4001.5,6.25,9.9,2.79,52604,145.398,10112.9,58.7,186063,101.4563,9.5,72.2743,92.9436,184.4,732.5,217.403,687,422,0.2,1.06,11.454,72.2,95.5,2037.644,118.47,93.4527,1115.4591,6.8256,1.21E+11,2,16,34805621553,91.64063672,90.702,3.6,3.7,2.51,1115.71
2010-05-01,1735.680054,1740.150024,1532.680054,1641.25,1641.25,7554400,0,0,60.4,6650.4,5940.9,6.05,9.6,2.59,57162,147.031,10131,58.6,186327,104.2648,9.3,73.4956,94.2997,184.8,730.6,217.29,583,280,0.2,1.34,12.03,73.6,95.1,2032.786,121.41,91.973,1164.841,6.8275,1.34E+11,2,22.2,35936892623,92.57871489,90.793,3.2,3.2,2.45,1168.41
2010-06-01,1634.550049,1741.47998,1618.569946,1698.290039,1698.290039,6700800,1,1,59.7,3751.1,4784.9,6.23,9.4,2.48,59728,147.695,10151.4,58.5,187821,104.8328,9.6,73.7648,94.4397,183.5,732.3,217.199,536,305,0.18,1.39,11.598,76,94.8,2021.411,124.95,90.8059,1214.1114,6.8184,1.34E+11,2,14.9,35138172001,92.80373364,90.702,3.5,3.5,2.45,1212.495
2010-07-01,1687,1778.719971,1650.300049,1759.329956,1759.329956,8028400,1,1,56.2,3549.3,4036.7,6.01,9.4,2.39,56453,147.552,10184.7,58.5,190184,103.2002,9.7,74.2356,94.8536,184.1,726.1,217.605,546,283,0.18,1.36,11.947,67.8,94.3,2017.643,124.13,87.5005,1203.8095,6.7762,1.36E+11,2.25,7.7,35352306962,93.4247854,90.884,3.7,3.7,2.58,1204.94
2010-08-01,1771.380005,1797.420044,1716.859985,1742.75,1742.75,7271800,0,0,55.5,3758.1,4782.6,5.66,9.5,2.18,58633,146.413,10228.2,58.6,191625,102.3998,9.5,74.5955,95.1448,184.9,716.4,217.923,599,282,0.19,0.86,12.014,68.9,93.9,2013.93,120.79,85.3727,1179.5159,6.7873,1.33E+11,2.25,3.6,36075419292,92.94874573,91.34,3.5,3.3,2.63,1179.986
2010-09-01,1751.959961,1873.790039,1748.300049,1872.810059,1872.810059,6299600,1,1,56.3,4207.4,5581,5.66,9.5,2.17,59839,144.597,10249,58.5,200257,101.3996,9.2,74.8797,95.3637,184.9,707.4,218.275,594,317,0.19,0.5,11.922,68.2,93.6,1981.158,119.76,84.3571,1159.931,6.7396,1.35E+11,2.25,4.5,35283502111,93.59979998,92.068,3.7,3.4,2.66,1162.94
2010-10-01,1872.390015,1924.609985,1837.079956,1882.949951,1882.949951,7760200,0,0,54.4,4265.4,5583.8,5.72,9.4,2.16,57751,143.126,10304.7,58.3,194567,98.7679,9,74.7737,95.1109,186.6,699,219.035,543,291,0.19,0.77,12.414,67.7,93.4,1987.401,116.23,81.7285,1121.94,6.6678,1.38E+11,2.25,0.3,37080037844,93.45078757,92.068,3.6,3.3,2.66,1122.23
2010-11-01,1889.569946,1976.459961,1875.339966,1904.630005,1904.630005,7287000,1,1,56.9,3897.5,6503,5.92,9.8,2.31,60426,141.823,10354.7,58.2,196177,99.0493,9.3,74.8673,95.1383,187.7,693.9,219.59,545,287,0.19,1.37,12.3,71.6,93.3,1992.808,116.88,82.518,1129.623,6.6538,1.45E+11,2.5,19.1,37807460481,94.2528544,91.613,3.3,3,2.73,1128.08
2010-12-01,1907.699951,2052.969971,1904.709961,2051,2051,8711800,1,1,56.6,-1743.9,1735.3,6.1,9.3,2.67,61858,140.636,10392.1,58.3,194518,99.7051,9.1,75.644,96.0599,189.7,687,220.472,539,326,0.18,1.5,12.606,74.5,93.4,2037.414,120.32,83.3376,1145.4833,6.6497,1.38E+11,2.5,15.4,37977044016,95.75197933,91.977,3.7,3.5,2.8,1146.23
2011-01-01,2063.689941,2121.060059,2054.830078,2069.72998,2069.72998,8110600,0,0,58.5,-3159.6,-581.6,6.09,9.1,2.78,60696,139.048,10435.5,58.3,203534,98.553,9.8,75.5769,95.9364,192.7,684.3,221.187,630,307,0.17,1.43,12.806,74.2,93.5,2065.997,118.18,82.625,1118.8675,6.5964,1.56E+11,2.75,16.5,42571753761,98.63621968,93.07,3.6,3.8,2.93,1119.43
2011-02-01,2079.919922,2107.830078,1935.930054,1939.300049,1939.300049,5079800,0,0,60.8,1344.9,2581.8,6.15,9,2.81,59049,137.744,10470.1,58.4,195611,97.8022,9.5,75.2522,95.5154,195.8,680.5,221.898,517,270,0.16,1.52,13.081,77.5,93.8,2233.379,120.55,82.5368,1117.4368,6.5761,1.37E+11,2.75,28.9,39872534732,95.579965,93.707,3.7,4.5,3.13,1119.51
2011-03-01,1922.380005,2106.73999,1882.089966,2106.699951,2106.699951,6618600,1,1,61.4,-2438.3,180.7,6.03,9,2.71,62057,137.792,10550.5,58.4,210937,96.8669,9.2,75.9846,96.4643,199.2,678.3,223.046,600,300,0.14,1.66,13.259,67.5,93.9,2418.235,124.2,81.647,1119.2674,6.5645,1.57E+11,3,36.4,43187660690,98.04017001,94.072,3.8,4.3,3.35,1120.446
2011-04-01,2107.669922,2231.469971,2081.97998,2192.360107,2192.360107,7719600,1,1,61.2,-2545.2,312.1,6.02,9.1,2.73,61957,139.154,10587.6,58.4,201546,95.2627,8.7,75.6763,96.1187,203.1,675.6,224.093,554,310,0.1,1.52,13.327,69.8,93.9,2523.424,122.46,83.1771,1083.1762,6.5267,1.59E+11,3,12.9,44258982211,96.80906742,94.163,3.5,3.7,3.4,1084.83
2011-05-01,2203.090088,2229.090088,2030.680054,2142.469971,2142.469971,6219800,0,0,60.4,-1247.2,-736.3,5.78,9,2.61,63863,140.682,10612,58.3,205957,95.225,8.7,75.7913,96.3377,204.1,673.2,224.806,561,305,0.09,1.28,12.28,74.3,93.9,2588.177,120.32,81.1257,1084.3619,6.4957,1.56E+11,3,6.2,45685792069,97.73814485,94.345,3.3,3.2,3.46,1084.05
2011-06-01,2142.669922,2152.949951,2008.839966,2100.689941,2100.689941,5473000,0,0,53.5,1321.8,2655.1,5.75,9.1,2.59,63492,141.934,10636.8,58.2,201861,95.1999,9.3,75.932,96.6154,203.9,675.8,224.806,608,301,0.09,1.21,11.886,71.5,93.8,2668.01,118.95,80.4259,1080.4523,6.4746,1.57E+11,3.25,-0.5,44677136536,98.19318277,94.527,3.3,3.3,3.53,1080.87
2011-07-01,2120.030029,2192.830078,2105.23999,2133.209961,2133.209961,6595200,0,1,55.3,3938.8,4696.9,5.76,9,2.59,64870,142.33,10677.5,58.2,207547,94.5476,9.3,76.2397,97.1292,204.6,676.2,225.395,623,296,0.07,1.3,12.719,63.7,93.7,2706.778,116.65,79.2425,1057.425,6.4575,1.67E+11,3.25,7.1,45188032906,98.17018085,94.982,3.3,3.3,3.59,1058.49
2011-08-01,2160.090088,2173.280029,1684.680054,1880.109985,1880.109985,9609800,0,0,51.4,4470.5,4293.3,5.36,9,2.07,64663,141.773,10700.6,58.3,215526,95.0866,9.1,76.5547,97.6731,203.2,692.3,226.106,585,299,0.1,1.6,12.604,55.8,93.6,2679.411,117.51,76.9657,1073.887,6.4036,1.63E+11,3.25,-19.4,45404954171,97.9151596,95.62,3.2,3,3.59,1074.05
2011-09-01,1887.209961,1928.400024,1644.109985,1769.650024,1769.650024,7688800,0,0,52.5,2996.3,2117.9,5.27,9,1.77,65559,140.156,10738.1,58.4,207678,97.9271,8.8,76.4131,97.6494,203.7,684.7,226.597,650,304,0.08,1.35,13.356,59.5,93.5,2656.543,120.96,76.7957,1121.9095,6.3885,1.58E+11,3.25,-10.7,45639279909,98.70822569,95.529,3.3,3,3.58,1125.09
2011-10-01,1683.939941,1963.73999,1658.060059,1909.030029,1909.030029,7332800,1,1,52.5,3572.4,3224.3,5.37,8.8,1.87,67585,138.398,10753.1,58.4,208606,98.8305,8.5,76.8067,98.3222,201.1,686.4,226.75,610,316,0.07,1.53,13.731,60.8,93.3,2663.548,122.42,76.643,1150.685,6.371,1.60E+11,3.25,6.1,42797102538,99.15926327,95.347,3.2,2.9,3.58,1150.25
2011-11-01,1891.219971,1932.949951,1766.72998,1847.51001,1847.51001,7830000,0,0,51.8,6645.7,6753.4,5.14,8.6,1.76,65081,136.655,10759.5,58.6,217018,99.4638,8.2,76.6057,98.2433,201.4,681.9,227.169,711,328,0.08,1.78,13.742,63.7,93.2,2625.315,119.2,77.5595,1133.4775,6.3564,1.65E+11,3.25,4,42047294953,97.87715643,95.438,3.2,2.9,3.56,1134.19
2011-12-01,1911.5,1929.180054,1750.599976,1825.73999,1825.73999,9119200,0,0,52.2,1738.1,2516.7,5.25,8.5,1.72,68520,135.158,10772.2,58.6,226369,100.4003,8.3,76.8861,98.7876,199.8,676.6,227.223,694,341,0.07,1.73,13.798,69.9,93,2640.078,119.08,77.7967,1148.1262,6.3482,1.59E+11,3.25,2.4,44076858649,96.32902742,95.802,3.2,3,3.55,1148.3
2012-01-01,1831.689941,1973.349976,1810.47998,1955.790039,1955.790039,8596400,1,1,53.1,-2288,-1774.7,5.23,8.3,1.73,67740,134.164,10862.1,58.4,224023,99.7781,8.8,77.2097,99.3925,200.7,671.9,227.842,723,335,0.08,1.92,14.395,75,92.8,2659.039,120.18,76.964,1140.3275,6.3172,1.52E+11,3.25,7.5,43173048282,99.14526211,96.184,3.3,3.5,3.55,1144.56
2012-02-01,1948.569946,2047.430054,1947.459961,2030.25,2030.25,13202000,1,1,54.1,-2584,-927.8,5.14,8.3,1.69,69729,133.999,10953.5,58.5,226122,98.048,8.7,77.2402,99.6203,201.6,663.4,228.329,704,366,0.1,1.88,14.975,75.3,92.5,2720.795,119.74,78.47,1122.69,6.2997,1.64E+11,3.25,10.3,46397996821,101.4154513,96.549,3.4,4.2,3.53,1122.938
2012-03-01,2041.52002,2057.280029,1966.689941,2014.040039,2014.040039,10434800,0,0,51.9,3580,4160.7,5.23,8.2,1.83,69443,135.872,10951.8,58.5,220455,98.6425,8.4,76.7353,99.1551,204.2,659.2,228.807,695,354,0.13,1.9,14.594,76.2,92.1,2673.317,120.49,82.4659,1126.17,6.3125,1.74E+11,3.25,8.8,43650637798,98.91924327,96.576,3.3,3.7,3.54,1126.94
2012-04-01,2022.420044,2051.800049,1954.01001,1981.98999,1981.98999,10648000,0,0,53.3,-144.8,-328.3,5.19,8.2,1.76,67904,138.479,10979.7,58.4,218051,98.9607,7.7,77.1696,99.9006,203.7,658.6,229.187,753,354,0.14,1.77,14.77,76.4,91.6,2665.101,121,81.2524,1135.0238,6.3043,1.66E+11,3.25,5.7,44033930840,99.87632303,96.567,3.3,3.5,3.54,1135.41
2012-05-01,1994.170044,2001.109985,1779.469971,1843.469971,1843.469971,10022200,0,0,54.1,5015.8,3255.3,5.07,8.2,1.51,69087,141.055,10968.6,58.5,218474,100.6822,7.9,77.1784,100.0924,201.9,653.4,228.713,708,370,0.16,1.69,14.496,79.3,91.1,2632.839,120.01,79.6668,1156.6914,6.3242,1.76E+11,3.25,-0.8,43912243105,100.9824152,96.74,3.2,3.1,3.54,1157.07
2012-06-01,1832.079956,1908.189941,1776.849976,1854.01001,1854.01001,7462400,1,1,52.5,6069.3,5272.5,5.02,8.2,1.33,66981,143.173,10946.3,58.6,218603,102.1234,8.4,77.0278,100.0728,199.8,649.9,228.524,757,360,0.16,1.46,14.467,73.2,90.4,2641.487,118.32,79.3152,1163.3886,6.3633,1.78E+11,3.25,-12.5,42785123711,98.8452371,96.603,3.2,3.2,3.54,1163.61
2012-07-01,1864.72998,1896.829956,1758.98999,1881.98999,1881.98999,8280400,0,0,50.2,8375.5,7601.7,4.87,8.2,1.28,65108,144.283,10977.2,58.5,223677,101.641,8.6,77.0989,100.3354,200.1,645.3,228.59,740,369,0.16,1.43,14.38,72.3,89.8,2672.63,116.76,78.9348,1142.2781,6.3717,1.68E+11,3,-12.6,41895180309,98.08417368,96.385,3.1,3.1,3.34,1142.332
2012-08-01,1870.579956,1964.069946,1843.869995,1905.119995,1905.119995,9803200,1,1,50.5,1618,1998.2,4.91,8.1,1.41,63671,144.706,11004.1,58.4,203112,100.7607,8.2,76.6028,99.856,202.7,643.8,229.918,754,375,0.13,1.4,14.444,74.3,89,2668.787,116.72,78.6909,1131.7457,6.3593,1.68E+11,3,-2.5,41137097431,96.61305109,96.831,3.1,3,3.19,1132.06
2012-09-01,1909.060059,2012.73999,1873.48999,1996.209961,1996.209961,15066400,1,1,50.7,6484.3,6143,4.84,7.8,1.46,63851,144.361,11061.5,58.7,216283,99.1842,7.6,76.5147,99.9049,204.4,640.7,231.015,847,385,0.14,1.61,15.099,78.3,88.4,2616.571,116.9,78.1353,1122.9911,6.32,1.79E+11,3,0.2,44816599851,97.8311526,97.523,3.2,2.9,3.14,1123.67
2012-10-01,1998.52002,2007.839966,1884.77002,1912.060059,1912.060059,10137000,0,0,51.6,7287.6,7361.8,4.58,7.8,1.47,65817,143.974,11099.8,58.8,217712,98.8677,7.5,76.5534,100.1167,203.5,639.4,231.638,915,358,0.16,1.84,14.831,82.6,87.8,2634.377,114.44,79.0132,1105.3823,6.2627,1.73E+11,2.75,-1.3,41597640272,99.70130844,97.341,3.1,2.8,2.93,1105.49
2012-11-01,1903.569946,1941.839966,1856.810059,1932.900024,1932.900024,9848600,0,0,51.7,8187.5,8551.3,4.51,7.7,1.38,66737,143.969,11136.8,58.7,218940,99.5355,7.4,76.8008,100.5991,201.8,645.6,231.249,833,392,0.16,1.4,15.456,82.7,87.4,2667.679,111.3,81.0305,1086.9525,6.2338,1.68E+11,2.75,-10.5,42400682810,100.8904075,96.995,3.1,2.8,2.85,1087.15
2012-12-01,1937.280029,2006.079956,1928.089966,1997.050049,1997.050049,7146600,0,1,49.9,7189.4,7275.6,4.63,7.9,1.46,66397,143.875,11140.5,58.7,229511,98.9607,7.6,76.9541,100.9542,201.5,655.6,231.221,976,399,0.16,1.59,15.462,72.9,86.8,2694.343,110.47,83.7905,1075.2225,6.2328,1.81E+11,2.75,2.5,42649633097,100.5913826,97.168,3.1,2.9,2.88,1076.42
2013-01-01,2013.73999,2042.47998,1930.369995,1961.939941,1961.939941,10904400,0,0,50.2,2752.4,3766.1,4.73,8,1.64,69666,144.314,11202.8,58.6,218392,98.8749,8.5,76.7396,100.8204,202.5,666.3,231.679,888,446,0.14,1.67,15.813,73.8,86.3,2760.986,110.4,89.0581,1066.5205,6.2215,1.83E+11,2.75,-1.4,43965171193,101.831486,97.751,3.2,3.4,2.86,1066.54
2013-02-01,1964.75,2030.849976,1928.75,2026.48999,2026.48999,7307200,0,1,53.1,2212.5,3077.7,4.85,7.7,1.71,66186,145.158,11239.6,58.6,229342,99.6805,8.1,77.0716,101.3995,204.3,653.5,232.937,962,447,0.15,2,15.861,77.6,86,2861.542,113.09,93.0016,1087.3084,6.2323,2.02E+11,2.75,-5.5,44321112245,100.2153513,98.078,3.2,3.9,2.83,1086.06
2013-03-01,2028.550049,2033.890015,1946.050049,2004.890015,2004.890015,6856000,0,0,54.2,6740.2,6898.9,4.85,7.5,1.7,65911,147.959,11227.1,58.5,210493,100.5408,7.6,77.2816,101.8114,204,654.9,232.282,1010,444,0.14,1.78,15.724,78.6,85.8,2961.377,113.39,94.77,1102.871,6.2154,1.96E+11,2.75,2,43554913625,98.62021835,97.987,3.1,3.5,2.81,1103.81
2013-04-01,2009.939941,2010.150024,1888.300049,1963.949951,1963.949951,7694400,0,0,51.3,5039.9,5314.8,4.59,7.6,1.53,67245,150.974,11205.4,58.6,221382,100.1874,7.1,77.0537,101.6364,203.5,653.5,231.797,835,441,0.15,1.7,15.808,76.4,86,3035.849,114.06,97.7582,1120.8977,6.1861,1.88E+11,2.75,0.4,42784525986,99.59429952,97.851,3,3.2,2.8,1121.1
2013-05-01,1961.670044,2013.290039,1935.569946,2001.050049,2001.050049,6587000,0,0,50.7,9608.2,9172.1,4.73,7.5,1.68,69054,153.871,11244.6,58.6,230679,100.6193,7.3,77.0493,101.7476,204.1,646.6,231.893,930,428,0.11,1.66,15.884,84.5,86.2,3136.493,113.07,100.9186,1111.4945,6.1416,1.78E+11,2.5,0.3,41859504740,99.40328361,97.851,3.1,3,2.72,1112.1
2013-06-01,1993.109985,2000.560059,1770.530029,1863.319946,1863.319946,5605600,0,0,49,6824.8,5502.5,5.19,7.5,1.97,68803,156.443,11268.8,58.6,240657,101.4302,7.8,77.124,101.9549,204.3,660,232.445,839,470,0.09,1.55,16.148,84.1,86,3218.136,115.95,97.235,1135.0085,6.1342,1.77E+11,2.5,12.6,42407368941,99.04625385,97.732,3.1,3.1,2.69,1136.59
2013-07-01,1851.569946,1920.599976,1809.719971,1914.030029,1914.030029,7604000,0,1,50.9,6964.6,7232.6,5.32,7.3,2.24,65978,158.306,11296.7,58.7,214999,101.9848,7.7,76.7206,101.5204,204.4,667.8,232.9,880,375,0.09,1.53,16.021,85.1,85.5,3314.256,114.92,99.6727,1125.03,6.1343,1.75E+11,2.5,15.9,42360474051,98.37819818,97.942,3.2,3.1,2.68,1126.595
2013-08-01,1916.560059,1939.280029,1838.52002,1926.359985,1926.359985,7040100,0,0,55.4,6389.3,7012.2,5.42,7.2,2.38,65882,159.414,11329.2,58.7,222323,101.8657,7.3,77.1577,102.1907,204.2,664.1,233.456,917,381,0.08,1.67,15.827,82.1,85.1,3418.306,114.17,97.8123,1115.9418,6.1213,1.82E+11,2.5,8.4,42534856378,99.97133094,98.288,3.1,3,2.66,1116.16
2013-09-01,1925.319946,2018.02002,1921.01001,1996.959961,1996.959961,5085300,1,1,55.7,7847.7,8338.5,5.47,7.2,2.41,66200,159.69,11366.9,58.7,230374,101.6531,7,77.4882,102.717,203.9,664.9,233.544,850,403,0.08,1.75,15.857,77.5,85.2,3508.905,111.38,99.21,1082.3115,6.1198,1.76E+11,2.5,20.6,42295847594,98.36919743,98.479,3,2.7,2.66,1084.79
2013-10-01,1997.619995,2063.280029,1981.209961,2030.089966,2030.089966,5704900,0,1,56.2,10724,9536,5.31,7.2,2.28,64322,159.567,11419.8,58.3,225155,100.6329,7,77.2874,102.5371,202.5,664.3,233.669,925,444,0.09,1.4,15.729,73.2,85.6,3610.435,109.31,97.77,1065.8573,6.1032,1.81E+11,2.5,13.3,43721277911,101.2864405,98.179,3.1,2.7,2.66,1065.74
2013-11-01,2037.25,2050.699951,1963.420044,2044.869995,2044.869995,6103900,0,0,56.4,5891.6,7817.1,5.38,6.9,2.42,68263,159.37,11487.6,58.6,238012,101.5247,6.6,77.4494,102.8379,201.2,656.1,234.1,1100,446,0.08,1.58,16.078,75.1,85.7,3705.159,108.47,100.0737,1061.5637,6.0929,1.90E+11,2.5,4.6,43053383848,100.5413784,98.16,3,2.6,2.65,1062.69
2013-12-01,2050.449951,2052.879883,1947.439941,2011.339966,2011.339966,4603600,0,0,57.3,6263.7,6590.5,5.38,6.7,2.56,66857,159.291,11517.9,58.7,230535,101.7099,6.5,77.6192,103.1504,202,652.2,234.719,1002,433,0.09,1.52,15.835,82.5,85.7,3736.862,108.12,103.46,1055.6348,6.0738,1.84E+11,2.5,3.9,42959960709,101.7334778,98.279,3.2,3,2.65,1056.06
2014-01-01,2013.109985,2013.890015,1899.76001,1941.150024,1941.150024,4815400,0,0,57,1837.7,3674.4,5.19,6.6,2.47,67962,159.39,11512.5,58.8,223000,102.6524,7,77.2295,102.7216,203.8,647.7,235.288,888,443,0.07,1.85,15.623,81.2,86,3749.541,108.28,103.7614,1067.1267,6.0509,2.00E+11,2.5,15.4,43432237881,102.4475373,98.807,3.3,3.4,2.65,1065.8
2014-02-01,1930.089966,1981.150024,1885.530029,1979.98999,1979.98999,4482200,0,0,51.3,4812.5,5930.7,5.1,6.7,2.38,67110,159.9,11566.2,58.7,230424,102.9102,7,77.8131,103.5917,205.7,648.9,235.547,944,420,0.07,1.44,15.942,81.6,86.3,3851.917,109,102.1253,1071.3063,6.0816,1.70E+11,2.5,1.8,46086890238,100.7563964,99.071,3.6,4.5,2.65,1070.97
2014-03-01,1967.900024,1989.800049,1913.640015,1985.609985,1985.609985,4720700,0,0,53.2,6182.8,7450.3,5.06,6.7,2.32,68192,161.218,11643,58.9,232316,102.8238,6.8,78.487,104.5889,207,646.8,236.028,970,405,0.08,1.52,17.029,80,86.6,3909.651,108.53,102.3395,1070.491,6.1729,1.89E+11,2.5,12.6,45127218761,101.7454788,99.253,3.4,3.9,2.65,1070.69
2014-04-01,1983.780029,2013.089966,1955.150024,1961.790039,1961.790039,4483900,0,0,53.7,6875.5,9833.7,4.9,6.2,2.29,66236,162.995,11702.6,58.9,235841,102.4311,5.9,78.4423,104.6371,208.3,648.5,236.468,1043,403,0.09,1.84,16.684,84.1,86.6,3952.139,105.63,102.4582,1042.635,6.2246,1.91E+11,2.5,16.9,44974270660,102.300525,99.317,3.6,3.8,2.65,1042.75
2014-05-01,1966.290039,2022.589966,1934.719971,1994.959961,1994.959961,4285500,0,0,54.9,9148.3,8560.9,4.76,6.3,2.17,65504,164.707,11748.4,58.9,231767,102.107,6.1,78.6377,105.0152,208,647.8,236.918,1007,451,0.09,1.91,17.128,81.9,86.6,3929.115,103.94,101.7738,1024.7867,6.238,1.92E+11,2.5,18.4,43015791430,98.98624885,99.481,3.6,3.5,2.65,1023.99
2014-06-01,1998.810059,2016.780029,1965.119995,2002.209961,2002.209961,4602000,0,0,55.4,7768.8,6088.3,4.8,6.1,2.15,69424,166.232,11817,59,235877,102.2573,6.3,78.8358,105.4081,208.3,644.3,237.231,911,418,0.1,2.01,17.505,82.5,86.5,3965.744,103.83,102.0629,1018.7443,6.2306,1.87E+11,2.5,14.2,43278427156,101.2624385,99.353,3.5,3.5,2.65,1018.7
2014-07-01,1993.290039,2093.080078,1985.530029,2076.120117,2076.120117,6982900,1,1,55.3,6198.8,5421.5,4.73,6.2,2.03,67521,167.152,11860.5,59,290623,102.015,6.5,78.8874,105.6157,208,638.8,237.498,1085,402,0.09,1.94,17.201,81.8,86.5,4013.81,104.17,101.74,1021.0341,6.1984,2.00E+11,2.5,21.5,44778771040,102.4455371,99.499,3.4,3.4,2.65,1020.6
2014-08-01,2063.709961,2088.860107,2026.560059,2068.540039,2068.540039,6081500,0,0,57.1,6793.9,6749.3,4.69,6.1,1.95,68353,167.467,11944.3,59,237140,102.9297,6.3,78.6908,105.4986,207,643.5,237.46,984,456,0.09,1.74,17.191,82.5,86.6,4095.659,104.35,102.9438,1024.55,6.1541,2.00E+11,2.25,23.2,44724802277,98.67222269,99.672,3.4,3.3,2.517,1024.61
2014-09-01,2067.800049,2072.590088,2007.300049,2020.089966,2020.089966,6542100,0,0,59,7418.7,8012.6,4.8,5.9,1.96,69215,167.261,11957.4,59.1,235558,104.4791,5.7,78.818,105.8138,206.4,638.2,237.477,1023,470,0.09,1.95,16.996,84.6,86.9,4072.006,104.07,107.4257,1035.8914,6.1382,1.98E+11,2.25,21.8,44533461868,98.8812401,99.608,3.4,3.1,2.35,1035.8
2014-10-01,2013.469971,2013.469971,1896.540039,1964.430054,1964.430054,7389300,0,0,56.6,8604.5,7730.6,4.69,5.7,1.85,65372,166.932,12023,59.3,231044,105.8242,5.5,78.7287,105.8357,203.4,643.4,237.43,1074,476,0.09,2.06,16.798,86.9,87.3,4018.823,104.83,108.0264,1060.3359,6.1251,2.00E+11,2,17.9,42265181875,98.49320777,99.308,3.6,3.2,2.21,1060.91
2014-11-01,1959.660034,1994.819946,1923.050049,1980.780029,1980.780029,6001200,0,0,59,10582.7,9364.2,4.79,5.8,1.8,64362,166.684,12051.4,59.2,227599,107.615,5.5,79.2428,106.6634,200.9,638.1,236.983,1001,442,0.09,1.77,17.012,88.8,87.4,3851.254,106.06,116.2994,1097.8728,6.1249,2.00E+11,2,35.6,42195056233,98.83223602,99.108,3.5,3,2.14,1097.11
2014-12-01,1971.949951,1990.040039,1897.5,1915.589966,1915.589966,5525200,0,0,58.7,6805.4,7328.5,4.74,5.6,1.57,65561,166.494,12062,59.3,224958,110.2102,5.4,79.0322,106.5085,197,631.5,236.252,1073,497,0.12,2.04,17.19,93.6,87.4,3953.015,103.36,119.3233,1102.6224,6.1886,1.95E+11,2,21.7,41602386871,101.5364614,99.098,3.7,3.3,2.13,1103.6
2015-01-01,1914.23999,1964.130005,1876.27002,1949.26001,1949.26001,6845600,0,0,55.5,7076,6718.7,4.45,5.7,1.33,65854,166.293,12046,59.3,228061,112.5817,6.1,78.551,105.9806,192,630.2,234.718,1092,518,0.11,1.68,16.961,98.1,87.5,4037.175,98.91,118.25,1088.13,6.2181,1.96E+11,2,13.4,38975161950,97.90815901,99.77,3.6,3.7,2.13,1088.48
2015-02-01,1947.910034,1993.430054,1932.75,1985.800049,1985.800049,5913300,0,0,53.5,6136.4,6870.5,4.51,5.5,1.36,64254,166.682,12082.4,59.2,219271,114.0313,5.8,78.0783,105.4425,191.1,626,235.236,888,544,0.11,1.69,16.81,95.4,87.8,3849.09,100.22,118.76,1101.4605,6.2518,2.55E+11,2,9.9,37262070866,100.1083424,99.71,3.6,4.5,2.12,1098.38
2015-03-01,1996.719971,2047.130005,1969.130005,2041.030029,2041.030029,8511800,0,0,52.9,9761.5,10495.9,4.54,5.4,1.4,64321,168.136,12158.3,59.2,228045,116.1148,5.6,77.7947,105.1464,191.5,624.2,236.005,962,480,0.11,1.72,17.862,93,88.3,4064.785,101.16,120.3945,1112.9005,6.2386,1.63E+11,1.75,7.4,37301352263,98.50820902,99.72,3.5,4,1.95,1113.05
2015-04-01,2035.400024,2189.540039,2024.640015,2127.169922,2127.169922,11582800,1,1,51.5,7221.6,11734.5,4.48,5.4,1.4,63970,170.006,12193.8,59.3,226242,114.9416,5.1,77.2778,104.5272,190.9,624,236.156,1191,501,0.12,1.77,17.614,95.9,88.9,4075.81,99.3,119.5095,1084.6709,6.201,1.80E+11,1.75,9.7,37124891064,99.70830903,99.75,3.6,3.9,1.81,1085.9
2015-05-01,2134.939941,2148.699951,2067.98999,2114.800049,2114.800049,7388600,0,0,51.5,7958.8,8584.8,4.89,5.6,1.59,62649,171.882,12268.1,59.4,217850,114.059,5.3,76.8939,104.0742,193.4,616.9,236.974,1081,500,0.12,1.94,18.018,90.7,89.5,3955.722,100.35,120.798,1092.6365,6.2035,1.90E+11,1.75,6,37197677053,97.60813401,100.03,3.8,3.7,1.8,1093.03
2015-06-01,2110.120117,2110.879883,2008.459961,2074.199951,2074.199951,9174900,0,0,52.8,11546.2,12773.4,5.13,5.3,1.67,63225,173.483,12308.3,59.3,229480,114.938,5.5,76.5911,103.7174,194.8,620.7,237.684,1199,480,0.13,1.75,17.843,96.1,90.1,3946.095,101.51,123.7186,1112.8832,6.2052,1.88E+11,1.5,8.2,36480387776,99.70830903,100.05,3.8,3.8,1.7,1112.44
2015-07-01,2077.27002,2110.810059,1983.780029,2030.160034,2030.160034,13372100,0,0,53.5,9367.2,10181.4,5.2,5.2,1.65,63979,174.53,12355.4,59.3,228826,116.9247,5.6,77.0087,104.3243,193.9,623.3,238.053,1138,499,0.13,1.9,18.227,93.1,90.6,3994.394,102.06,123.3109,1146.5468,6.2085,1.84E+11,1.5,4.6,37732999869,98.90824235,100.23,3.7,3.6,1.65,1146.16
2015-08-01,2026.25,2038.410034,1800.75,1941.48999,1941.48999,8369000,0,0,52.7,8119.4,8652.3,5.19,5.1,1.47,63465,174.978,12394,59.4,225666,119.1081,5.2,76.8645,104.1621,191.9,627.7,238.028,1132,521,0.14,1.83,18.37,91.9,91.1,4001.923,102.69,123.0038,1178.1438,6.3383,1.89E+11,1.5,6.5,36341833741,101.508459,100.37,3.5,3.4,1.64,1180.04
2015-09-01,1934.439941,1996.469971,1868.47998,1962.810059,1962.810059,10051700,0,1,51.1,10600.3,12026.3,5.34,5,1.46,63285,175.094,12392.8,59.2,220050,120.014,4.9,76.5609,103.7768,189.1,636.5,237.506,1215,458,0.14,1.81,18.29,87.2,91.7,4049.583,101.88,120.1476,1184.33,6.3676,1.91E+11,1.5,-3.7,34815297628,103.4086174,100.11,3.5,3.2,1.6,1185.06
2015-10-01,1963.550049,2064.719971,1958.630005,2029.469971,2029.469971,13186400,1,1,50.2,9561,10843.3,5.34,5,1.43,63011,175.107,12416.1,59.3,226171,118.9676,4.8,76.2641,103.3976,187.5,635.8,237.781,1062,481,0.12,1.63,18.274,90,92.3,4076.198,97.99,120.0481,1143.199,6.3505,1.89E+11,1.5,-5.2,36008564287,101.7084757,100.11,3.5,3.1,1.58,1144.8
2015-11-01,2033.150024,2056.120117,1942.849976,1991.969971,1991.969971,8998800,0,0,50.1,9727.7,10448.6,5.46,5.1,1.38,62254,175.209,12450.1,59.4,224077,120.7741,4.8,75.7226,102.6866,185.7,638.6,238.016,1169,505,0.12,1.58,18.391,91.3,92.9,4029.394,96.93,122.6432,1153.4721,6.364,1.82E+11,1.5,-3.8,33988994718,100.7083924,99.92,3.6,3,1.59,1153.35
2015-12-01,2001.51001,2026.329956,1919.219971,1961.310059,1961.310059,9508000,0,0,48.6,8042.5,10945.3,5.46,5,1.26,59922,175.185,12469.1,59.6,221066,121.9999,4.8,75.2731,102.1014,183.5,653.7,237.817,1157,545,0.24,1.66,17.485,92.6,93.3,3869.438,97,121.635,1169.9464,6.4491,1.90E+11,1.5,-9.2,33592575714,100.308359,100.22,3.5,3.2,1.67,1173.2
2016-01-01,1954.469971,1954.52002,1830.060059,1912.060059,1912.060059,7301400,0,0,48.2,7317.4,8255,5.45,4.9,1.19,61849,175.096,12482.2,59.7,226398,124.6274,5.3,75.8803,102.9525,182.6,732.4,237.833,1114,514,0.34,1.4,18.116,92,93.3,3796.011,97.38,118.2258,1203.3179,6.5726,1.77E+11,1.5,-3.5,31763054925,98.80823402,100.39,3.6,3.7,1.67,1203.79
2016-02-01,1919.619995,1929.530029,1817.969971,1916.660034,1916.660034,6189400,0,0,48.2,7927.5,8143.3,5.34,4.9,1.05,60788,175.331,12550.1,59.8,217882,123.6308,5.2,75.3187,102.2225,181.3,742.7,237.469,1208,518,0.38,1.69,17.922,91.7,93.3,3891.058,98.15,114.6155,1216.2285,6.5501,1.89E+11,1.5,-7.9,30024167401,100.608384,100.82,3.8,4.9,1.64,1220.45
2016-03-01,1944.27002,2009.099976,1935.550049,1995.849976,1995.849976,7284100,0,1,49.5,11122.8,13316.3,5.13,5,1.01,60517,176.646,12547.2,59.8,216926,121.1184,5.1,74.697,101.4155,182.1,729.4,238.038,1115,526,0.36,1.59,17.337,91,93.3,3910.592,96.96,112.9317,1181.573,6.5027,1.77E+11,1.5,9.5,31620413068,101.0084174,100.56,3.7,4.2,1.63,1182.15
2016-04-01,1994.77002,2023.77002,1954.109985,1994.150024,1994.150024,7973500,0,0,51.8,4184.3,9893.3,4.79,5,1.04,60503,178.537,12646.1,59.7,225797,119.1667,4.7,74.7409,101.5167,183.2,722.6,238.827,1160,564,0.37,1.59,17.691,89,93.4,3899.466,94.11,109.5519,1145.7967,6.4754,1.78E+11,1.5,-1.6,32470308639,99.80831736,100.75,3.6,3.9,1.61,1146.71
2016-05-01,1991.839966,1991.839966,1937.670044,1983.400024,1983.400024,9650600,0,0,50.8,10491,10237.7,4.68,4.8,0.99,59218,180.392,12698.4,59.7,220851,120.4312,4.5,74.6427,101.4298,185.3,716.7,239.464,1131,556,0.37,1.44,17.713,94.7,93.6,3855.24,96.37,108.8481,1173.7905,6.5259,1.78E+11,1.5,-5.1,33353294511,102.8085674,100.81,3.7,3.6,1.58,1174.58
2016-06-01,1976.869995,2035.27002,1892.75,1970.349976,1970.349976,9815300,0,0,51.3,12409.7,12413.1,4.53,4.9,0.91,59724,181.981,12775.1,59.6,208990,120.8707,5.1,74.9324,101.8747,187.6,707.6,240.167,1191,563,0.38,1.47,17.727,93.5,93.9,3841.284,96.52,105.3509,1165.2023,6.5892,1.75E+11,1.25,4.2,33780277245,102.9085757,100.79,3.6,3.6,1.43,1168.36
2016-07-01,1977.359985,2030.689941,1944.329956,2016.189941,2016.189941,8068000,0,0,53.2,8831.8,10486.8,4.22,4.8,0.83,60456,183.102,12790.1,59.7,216738,121.6998,5.1,75.0813,102.1325,187.7,700.1,240.15,1232,631,0.39,1.53,18.033,90,94.3,3793.399,94.47,104.191,1140.865,6.6771,1.78E+11,1.25,1.6,34045746923,102.3085257,100.6,3.6,3.5,1.36,1141.7
2016-08-01,2024.709961,2063.090088,1993,2034.650024,2034.650024,7805400,0,0,52.6,5410.1,6791,4.24,4.9,0.82,61821,183.753,12841.8,59.8,220654,120.5713,5,74.9718,102.0407,186.6,683.6,240.602,1159,586,0.4,1.56,17.787,89.8,94.6,3841.592,92.73,101.2383,1110.0183,6.6466,1.78E+11,1.25,6.5,35117636352,101.3084424,100.86,3.7,3.6,1.35,1111.677
2016-09-01,2022.959961,2073.889893,1991.469971,2043.630005,2043.630005,8851700,0,0,49.4,7517.5,9894.6,4.31,5,0.86,60102,184.052,12903.5,59.8,219736,121.5131,4.8,74.9346,102.0477,186.9,665,241.051,1063,569,0.4,1.35,18.032,91.2,95,3750.02,93.46,101.7843,1108.3638,6.6702,1.72E+11,1.25,12.4,34262250874,102.2085174,101.46,3.9,3.5,1.34,1106.77
2016-10-01,2056.939941,2070.429932,2002.290039,2008.189941,2008.189941,6637000,0,0,51.5,7476.8,8874.9,4.38,4.9,0.92,60055,184.134,12944.5,59.7,231303,122.6436,4.7,75.0413,102.2485,186.7,673.1,241.691,1325,580,0.4,1.25,17.98,87.2,95.7,3587.953,96.61,103.9075,1128.166,6.7303,1.78E+11,1.25,10.2,35086922427,101.0084174,101.6,3.8,3.3,1.35,1125.779
2016-11-01,2003.410034,2015.22998,1931.069946,1983.47998,1983.47998,6610700,0,0,51.9,7873.3,9453.1,4.71,4.7,1.16,60578,184.355,12980.5,59.8,219574,125.5546,4.4,74.8585,102.0507,186.3,694.2,242.029,1150,571,0.41,1.69,17.819,93.8,96.2,3651.992,100.28,108.443,1162.708,6.8402,1.77E+11,1.25,9.6,36360376254,105.1087591,101.45,3.6,3.1,1.42,1159.935
2016-12-01,1987.47998,2053.459961,1960.650024,2026.459961,2026.459961,5669300,0,1,53.2,7361.5,8702.6,4.83,4.7,1.29,60470,184.532,13043.2,59.8,224108,127.5298,4.5,75.4682,102.9281,188.2,691.7,242.772,1287,560,0.54,1.65,18.243,98.2,96.3,3558.89,103.38,115.9981,1183.07,6.9198,1.81E+11,1.25,21.8,37082014261,104.6087174,101.56,3.5,3.2,1.54,1183.3
2017-01-01,2034.310059,2091.02002,2028.469971,2067.570068,2067.570068,8195900,0,0,54.7,3401.7,6687.5,4.66,4.7,1.22,62355,184.782,13098.6,59.9,223049,127.3608,5.1,75.5192,103.0366,190.7,686.9,243.78,1221,591,0.65,1.76,17.678,98.5,96.3,3609.684,104.63,114.8721,1179.1074,6.8907,1.81E+11,1.25,26,37342397822,106.7088924,102.64,3.6,3.7,1.5,1182.24
2017-02-01,2075.310059,2108.98999,2052.290039,2091.639893,2091.639893,7128900,0,0,56,7438.6,9432.3,4.64,4.7,1.22,62687,185.147,13084.3,59.9,222023,125.5663,4.9,75.2098,102.6479,191.6,684.1,243.961,1292,603,0.66,1.52,17.651,96.3,96.4,3764.189,103.15,112.9116,1140.4874,6.8694,1.82E+11,1.25,37.8,39683794039,103.7086424,102.92,3.9,4.9,1.49,1143.36
2017-03-01,2105.189941,2182.419922,2067.679932,2160.22998,2160.22998,8869800,0,1,57.7,5140.3,8579.6,4.68,4.4,1.17,63108,186.654,13159.4,60.1,228253,125.0383,4.6,75.699,103.343,191.5,690,243.749,1179,627,0.79,1.69,17.13,96.9,96.6,3871.646,101.79,112.9165,1133.8617,6.894,1.97E+11,1.25,32.2,40378169492,106.2088507,102.85,3.6,4.1,1.48,1133.945
2017-04-01,2166.040039,2217.040039,2117.820068,2205.439941,2205.439941,7345700,0,0,57.2,3184,10925.8,4.57,4.4,1.06,63572,188.667,13204,60.2,228086,124.1198,4.1,76.3643,104.2721,193,697,244.051,1152,586,0.9,1.6,17.229,97,96.8,3840.333,102.48,110.091,1134.1755,6.8876,1.87E+11,1.25,22.5,38902759897,104.2086841,102.72,3.9,4.2,1.43,1133.57
2017-05-01,2213.610107,2371.669922,2212.870117,2347.379883,2347.379883,7028200,1,1,54.8,4262.1,7675.6,4.55,4.4,1,63719,190.675,13229.5,60,227201,123.6334,4.1,76.4548,104.4129,192.8,692.6,243.962,1124,604,0.91,1.43,17.2,97.1,97.3,3793.773,101.26,112.2436,1125.1359,6.8843,1.85E+11,1.25,34,38823945197,104.8087341,102.83,3.6,3.6,1.39,1124.65
2017-06-01,2348.310059,2402.800049,2335.629883,2391.790039,2391.790039,7483800,0,0,54.9,7008.9,8702.4,4.37,4.3,0.85,63456,192.418,13266.1,60.1,243829,122.018,4.5,76.5694,104.5849,193.6,690.5,244.182,1232,624,1.04,1.5,17.195,95,98.2,3792.151,101.01,110.9141,1130.8464,6.8066,1.89E+11,1.25,27.6,40419326441,103.5086257,102.61,3.8,3.8,1.38,1131.62
2017-07-01,2397.659912,2453.169922,2372.830078,2402.709961,2402.709961,6225600,0,0,57.8,7467.4,9920.7,4.39,4.3,0.95,64123,193.681,13292.1,60.1,224989,120.3483,4.6,76.5277,104.5427,193.5,692.1,244.39,1196,559,1.15,1.42,17.094,93.4,98.7,3807.811,102.15,112.417,1131.746,6.7694,1.88E+11,1.25,22.3,39391997445,104.7087257,102.78,3.5,3.4,1.39,1133.13
2017-08-01,2397.120117,2434.469971,2310.199951,2363.189941,2363.189941,5724100,0,0,56.3,6139.4,8647.3,4.31,4.4,0.87,64555,194.529,13339.1,60.1,229906,119.0332,4.5,76.1529,104.0475,193.8,698.5,245.297,1167,565,1.16,1.39,16.867,96.8,99.3,3927.491,102.73,109.827,1130.27,6.667,1.88E+11,1.25,22.8,40570007995,104.8087341,103.37,3.7,3.6,1.39,1131.4
2017-09-01,2367.449951,2429.120117,2314.310059,2394.469971,2394.469971,5594200,0,0,58.8,12337.7,14522.7,4.3,4.2,0.82,68024,195.001,13446.1,60.4,242818,117.9039,4.1,76.1375,104.0502,194.8,700.4,246.418,1163,642,1.15,1.18,18.514,95.1,99.3,3885.901,103.91,110.776,1131.599,6.569,1.87E+11,1.25,24.2,42966405642,105.8088174,103.49,3.6,3.3,1.38,1132.93
2017-10-01,2425.629883,2528.320068,2421.100098,2523.429932,2523.429932,5051400,1,1,60.8,6890,9417.9,4.32,4.1,0.81,67140,195.264,13505.5,60.2,235856,120.0242,3.9,77.2684,105.6287,194.9,702.5,246.587,1261,631,1.15,1.6,18.301,100.7,99.6,3849.992,104.45,112.9148,1130.8838,6.6254,1.87E+11,1.25,26.6,37070854143,106.2088507,103.39,3.6,3.2,1.38,1129.48
2017-11-01,2535.969971,2561.629883,2474.280029,2476.370117,2476.370117,7083100,0,0,58.7,7474.3,11165.6,4.27,4.2,0.65,65101,195.627,13598.5,60.1,238976,120.2491,3.9,77.6484,106.193,195.9,702.9,247.332,1299,715,1.16,1.43,17.952,98.5,100,3928.867,102.82,112.819,1099.7945,6.62,1.99E+11,1.5,23.9,41012025568,105.6088007,102.62,3.7,3.1,1.45,1102.82
2017-12-01,2488.919922,2514.610107,2411.47998,2467.48999,2467.48999,5966800,0,0,58.2,4486.5,7915.5,4.22,4.1,0.56,66707,196.036,13633.6,60.2,245755,119.9313,3.9,77.8571,106.536,196.3,704.4,247.901,1219,656,1.3,1.53,17.802,95.9,100.8,3877.107,101.27,112.9405,1082.902,6.5932,2.05E+11,1.5,27.8,43068923692,103.9086591,102.99,3.7,3.3,1.66,1085.95
2018-01-01,2474.860107,2607.100098,2465.939941,2566.459961,2566.459961,8253400,1,1,59.7,2644.6,7549.7,4.26,4.1,0.55,66237,196.324,13662.6,60.2,236368,117.1935,4.5,77.6079,106.2655,197.9,702.8,248.884,1335,628,1.41,1.56,17.541,95.7,102.2,3841.419,101.04,110.871,1065.641,6.4233,1.96E+11,1.5,24.8,44445812768,104.9087424,103.42,3.6,3.7,1.66,1066.54
2018-02-01,2578.909912,2583.73999,2346.72998,2427.360107,2427.360107,7281100,0,0,59.1,3904.7,5571,4.51,4.1,0.68,67522,197.125,13645.9,60.4,248330,117.5502,4.4,77.8178,106.6419,199.3,711.2,249.369,1295,644,1.42,1.6,17.393,99.7,103.6,3873.433,102.27,107.97,1078.4747,6.3183,2.63E+11,1.5,28.1,45735023087,105.4087841,104.21,3.6,4.6,1.65,1080.7
2018-03-01,2406.570068,2508.709961,2374.800049,2445.850098,2445.850098,8078900,1,1,60.8,5103.9,9411.2,4.64,4,0.56,66828,198.798,13730.3,60.4,251696,118.0646,4.1,78.1856,107.2519,199.3,715.7,249.498,1332,654,1.51,1.62,17.708,101.4,104.4,3817.473,100.82,106.0468,1069.9418,6.3174,1.92E+11,1.5,23.8,43522118965,104.2086841,104.1,4,4.5,1.65,1071.21
2018-04-01,2454.719971,2515.379883,2405.909912,2515.379883,2515.379883,10439800,0,0,59.3,1355.7,9620.4,4.67,3.9,0.49,67882,200.847,13805.2,60.3,248509,118.1483,3.7,78.8045,108.2223,200.3,726.9,249.956,1267,629,1.69,1.6,17.648,98.8,104.8,3743.678,101,107.6562,1068.0452,6.2967,2.04E+11,1.5,23.4,43813688548,106.8089007,104.29,3.8,4.1,1.65,1068.05
2018-05-01,2515.75,2516.570068,2399.580078,2423.01001,2423.01001,12820500,0,0,57.3,8434.5,10785.4,4.83,3.8,0.47,68034,202.704,13880.6,60.4,250389,121.4302,3.6,78.0794,107.3639,203.2,744.1,250.646,1332,650,1.7,1.58,17.655,98,105,3692.236,102.75,109.6882,1076.6595,6.3701,2.05E+11,1.5,32.3,43937795120,106.9089091,104.34,4,4,1.65,1077.05
2018-06-01,2419.629883,2479.560059,2296.389893,2326.129883,2326.129883,9450900,0,0,58.7,7457.9,9541.1,4.83,4,0.38,68784,204.314,13941,60.4,250063,123.4234,4.2,78.5531,108.1707,204.2,752.4,251.134,1180,618,1.82,1.52,17.71,98.2,105.2,3671.801,103.55,110.0638,1094.3552,6.4651,2.10E+11,1.5,20.8,45846449012,107.1089257,104.13,3.7,3.7,1.65,1095.96
2018-07-01,2322.22998,2327.590088,2243.899902,2295.26001,2295.26001,7509300,0,0,60.2,8552.3,10788.5,4.79,3.9,0.28,69973,205.233,14008.4,60.5,247899,124.0589,4.1,78.7794,108.652,204.3,760.6,251.597,1184,609,1.91,1.34,17.21,97.9,105.6,3635.381,106.14,111.521,1122.2029,6.7164,2.06E+11,1.5,24.3,44838503174,108.0090008,103.93,3.8,3.7,1.65,1123.05
2018-08-01,2301.169922,2322.879883,2218.090088,2322.879883,2322.879883,6204500,0,0,58.1,8550.2,10922.3,4.77,3.8,0.25,69477,205.605,14062.6,60.3,258372,125.334,3.9,79.281,109.5246,203.4,768.5,251.879,1279,604,1.91,1.52,17.197,96.2,106.5,3602.172,106.09,110.9965,1120.427,6.8453,2.05E+11,1.5,13,44384388320,108.7090591,104.85,4.1,4,1.65,1120.96
2018-09-01,2317.929932,2356.620117,2264.899902,2343.070068,2343.070068,5433100,0,0,61.3,11013,13007.3,4.88,3.7,0.23,69184,205.644,14080.4,60.4,262205,126.0398,3.6,79.2538,109.6749,203.6,779.2,252.01,1236,607,1.95,1.38,17.966,100.1,108.4,3572.001,106.3,112.0974,1119.82,6.8551,2.16E+11,1.5,21.4,43221745618,106.6088841,105.65,4,3.6,1.65,1120.19
2018-10-01,2349.639893,2352.110107,1985.949951,2029.689941,2029.689941,7022100,0,0,59.8,9348.8,10654.5,5.07,3.8,0.29,69904,205.628,14168.9,60.6,250552,126.8761,3.5,79.2889,109.9165,204.6,792.3,252.794,1211,557,2.19,1.47,18.102,98.6,109.1,3540.181,106.82,112.7218,1131.615,6.9191,2.12E+11,1.5,19.7,46440664089,108.3090258,105.46,3.9,3.5,1.68,1132.78
2018-11-01,2035.109985,2136.73999,2023.430054,2096.860107,2096.860107,6978800,1,1,57.7,5223.6,7485.8,5.22,3.7,0.26,69052,205.38,14238.9,60.6,251931,128.2981,3.5,79.5725,110.5067,202.3,804.2,252.76,1202,615,2.2,1.12,17.94,97.5,109.1,3495.555,103.48,113.338,1125.345,6.9367,2.08E+11,1.75,11.9,45687071257,105.6088007,104.71,3.8,3.2,1.71,1127.55
2018-12-01,2127.780029,2136.639893,2014.280029,2041.040039,2041.040039,7631800,0,0,59.3,4819.3,6529.4,5.13,3.9,0.15,67964,204.971,14157.4,60.6,254801,128.5202,3.7,79.4625,110.5516,201,813.4,252.723,1142,564,2.27,1.14,18.003,98.3,108.9,3420.014,100.61,112.1994,1122.4244,6.8837,1.99E+11,1.75,9.1,43557755773,104.8087341,104.35,3.8,3.4,1.91,1122.65
2019-01-01,2050.550049,2222.879883,1984.530029,2204.850098,2204.850098,9455200,1,1,54.1,2824.9,5662.2,5.12,4,0.17,68935,204.487,14205.1,60.7,256134,126.7306,4.4,78.9899,110.0907,199.1,851.6,252.673,1291,644,2.4,1.11,17.221,91.2,108.5,3357.108,99.23,108.9605,1120.33,6.7863,2.13E+11,1.75,17,43700971733,105.0087507,104.24,4.4,4.5,1.87,1121.72
2019-02-01,2211.929932,2241.76001,2167.360107,2195.439941,2195.439941,6882500,0,0,56.6,3601.9,5479.4,4.95,3.8,0.18,69166,204.748,14181.7,60.7,249569,126.8096,4.1,78.4067,109.4709,199.2,856.3,253.113,1149,669,2.4,1.18,16.887,93.8,108.1,3368.187,99.65,110.44,1121.8333,6.7367,2.08E+11,1.75,-4.1,40004002884,101.1084257,104.69,3.7,4.7,1.87,1123.66
2019-03-01,2210.969971,2216.02002,2120.929932,2140.669922,2140.669922,6458000,0,0,54.2,4819.6,8467.3,4.84,3.8,0.16,69396,206.056,14329.2,60.6,253834,127.2096,3.9,78.3613,109.5985,201.1,871.1,254.148,1199,705,2.41,1.26,17.864,98.4,107.7,3396.071,99.84,111.1443,1131.6005,6.7119,2.21E+11,1.75,13.7,41533432549,103.2086007,104.49,3.8,4.3,1.9,1131.88
2019-04-01,2153.310059,2252.050049,2153.310059,2203.590088,2203.590088,9164500,1,1,55.3,-664.8,5668,4.7,3.6,0.19,68629,207.97,14408.7,60.6,246609,127.3554,3.3,77.9181,109.1657,202.1,886.7,254.958,1281,679,2.42,1.36,16.918,97.2,107.3,3303.084,100.51,111.6414,1142.165,6.7161,1.94E+11,1.75,8.5,43976872618,104.9087424,104.87,4.1,4.4,1.86,1142.79
2019-05-01,2192.939941,2217.030029,2016.25,2041.73999,2041.73999,11243200,0,0,52.8,4949.4,5392.2,4.63,3.6,0.19,68992,207.97,14468.4,60.6,243498,128.7336,3.4,78.0708,109.5645,201.5,892.4,255.155,1269,626,2.39,1.28,17.934,100,107.1,3262.642,103.07,109.9714,1182.9527,6.8519,2.06E+11,1.75,16.6,43120491068,103.8086507,105.05,4,4,1.84,1182.975
2019-06-01,2031.030029,2141.27002,2029.170044,2130.620117,2130.620117,11256800,1,1,52.1,,,4.46,3.7,0.26,,,,60.6,,128.2525,3.8,,,200.3,907.4,255.305,,,2.38,,17.835,,107,3290.142,100.95,108.0685,1173.7845,6.8977,2.09E+11,1.75,0.3,41756105796,104.0086674,,4,4,,
2019-07-01,2147.23999,2147.23999,2052.030029,2066.26001,2066.26001,2626746300,0,0,51.7,,,,,,,,,60.7,,,,,,,,,,,,,,,,,,108.1975,1166.5525,6.8734,,1.5,,,,,,,,
2019-08-01,1915.339966,1924.48999,1909.920044,1916.310059,1916.310059,317492,0,0,,,,,,,,,,,,,,,,,,,,,,,,,,,,,,,,,,,,,,,,
