DATE,경상수지,상품수지,상품수출,상품수입(FOB),일반상품수지,일반상품수출(FOB),일반상품수입(FOB),중계무역순수출,비화폐용금수지,비화폐용금수출(FOB),비화폐용금수입(FOB),서비스수지,서비스수입,서비스지급,가공서비스수지,가공서비스수입,가공서비스지급,운송수지,운송수입,여객운임수입,화물운임수입,기타운송수입,운송지급,여객운임지급,화물운임지급,기타운송지급,여행수지,여행수입,유학연수수입,일반여행수입,여행지급,유학연수지급,일반여행지급,건설수지,건설수입,건설지급,보험서비스수지,보험서비스수입,보험서비스지급,직접보험서비스수지,직접보험서비스수입,직접보험서비스지급,재보험서비스수지,재보험서비스수입,재보험서비스지급,보험보조서비스수지,보험보조서비스수입,보험보조서비스지급,금융서비스수지,금융서비스수입,명시적수수료및기타금융서비스수입,금융중개서비스수입,금융서비스지급,명시적수수료및기타금융서비스지급,금융중개서비스지급,"통신,컴퓨터,정보서비스수지","통신,컴퓨터,정보서비스수입",통신서비스수입,컴퓨터서비스수입,정보서비스수입,"통신,컴퓨터,정보서비스지급",통신서비스지급,컴퓨터서비스지급,정보서비스지급,지식재산권사용료수지,지식재산권사용료수입,지식재산권사용료지급,유지보수서비스수지,유지보수서비스수입,유지보수서비스지급,기타사업서비스수지,기타사업서비스수입,기타사업서비스지급,연구개발서비스수지,연구개발서비스수입,연구개발서비스지급,전문.경영컨설팅서비스수지,전문.경영컨설팅서비스수입,전문.경영컨설팅서비스지급,"기술,무역,기타사업서비스수지","기술,무역,기타사업서비스수입","기술,무역,기타사업서비스지급","개인,문화,여가서비스수지","개인,문화,여가서비스수입",음향영상 및 관련서비스수입,기타개인문화여가서비스수입,"개인,문화,여가서비스지급",음향영상 및 관련서비스지급,기타개인문화여가서비스지급,정부서비스수지,정부서비스수입,정부서비스지급,본원소득수지,본원소득수입,본원소득지급,급료및임금수지,급료및임금수입,급료및임금지급,투자소득수지,투자소득수입,투자소득배당수입,투자소득이자수입,투자소득지급,투자소득배당지급,투자소득이자지급,직접투자소득수지,직접투자소득수입,직접투자배당수입,직접투자일반배당수입,재투자수익수입,직접투자이자수입,직접투자소득지급,직접투자배당지급,직접투자일반배당지급,재투자수익지급,직접투자이자지급,증권투자소득수지,증권투자소득수입,증권투자배당수입,증권투자이자수입,증권투자소득지급,증권투자배당지급,증권투자이자지급,기타투자소득수지,기타투자소득수입,기타투자소득지급,이전소득수지,이전소득수입,이전소득지급,일반정부이전소득수지,일반정부이전소득수입,일반정부이전소득지급,기타부문이전소득수지,기타부문이전소득수입,개인이전소득수입,기타경상이전소득수입,기타부문이전소득지급,개인이전소득지급,기타경상이전소득지급,자본수지,자본이전,수입,지급,비생산비금융자산,수입,지급,금융계정,직접투자,직접투자(자산),주식(자산),수익재투자(자산),채무상품(자산),직접투자(부채),주식(부채),수익재투자(부채),채무상품(부채),증권투자,증권투자(자산),주식(자산),중앙은행,일반정부,예금취급기관,기타부문,기타금융기관,비금융기업등,부채성증권(자산),장기증권(자산),중앙은행,일반정부,예금취급기관,기타부문,기타금융기관,비금융기업등,단기증권(자산),중앙은행,일반정부,예금취급기관,기타부문,기타금융기관,비금융기업등,증권투자(부채),주식(부채),[부문별],중앙은행,일반정부,예금취급기관,기타부문,기타금융기관,비금융기업등,부채성증권(부채),장기증권(부채),[부문별],중앙은행,일반정부,예금취급기관,기타부문,기타금융기관,비금융기업등,단기증권(부채),[부문별],중앙은행,일반정부,예금취급기관,기타부문,기타금융기관,비금융기업등,파생금융상품(순자산),선도형,옵션형,중앙은행,일반정부,예금취급기관,기타부문,기타금융기관,비금융기업등,기타투자,기타투자(자산),무역신용(자산),장기무역신용(자산),단기무역신용(자산),대출,장기대출,중앙은행,일반정부,예금취급기관,기타부문,기타금융기관,비금융기업등,단기대출,중앙은행,일반정부,예금취급기관,기타부문,기타금융기관,비금융기업등,현금및예금(자산),중앙은행,일반정부,예금취급기관,기타부문,기타금융기관,비금융기업등,기타자산,중앙은행,일반정부,예금취급기관,기타부문,기타금융기관,비금융기업등,기타지분(자산),기타투자(부채),무역신용(부채),장기무역신용(부채),단기무역신용(부채),차입,장기차입,중앙은행,일반정부,예금취급기관,기타부문,기타금융기관,비금융기업등,단기차입,중앙은행,일반정부,예금취급기관,기타부문,기타금융기관,비금융기업등,현금및예금(부채),중앙은행,일반정부,예금취급기관,기타부문,기타금융기관,비금융기업등,기타부채,중앙은행,일반정부,예금취급기관,기타부문,기타금융기관,비금융기업등,기타지분(부채),특별인출권,준비자산,오차및누락
1980-01-01,-6896,-6619.3,15015.3,21634.6,-6638.2,14983.8,21622,26.2,-7.3,5.3,12.6,1299.9,5015.9,3716,64.4,113.8,49.4,-461.1,1546.9,350.9,1058.7,137.3,2008,44.7,1333.4,629.9,19.7,369.3,0,369.3,349.6,0,349.6,1899.9,2345.1,445.2,46.1,48.9,2.8,-,-,-,-,-,-,-,-,-,-12.6,0.1,-,-,12.7,-,-,12.4,20.4,-,-,-,8,-,-,-,-101.9,23.2,125.1,0,0,0,-175,380.4,555.4,-,-,-,-,-,-,-,-,-,-10.4,0,-,-,10.4,-,-,18.4,167.8,149.4,-1996.1,715.2,2711.3,131.1,145.9,14.8,-2127.2,569.3,49.2,520.1,2696.5,105.1,2591.4,-55.9,49.2,49.2,32.4,16.8,0,105.1,105.1,64,41.1,0,-29.4,7.5,0,7.5,36.9,0,36.9,-2041.9,512.6,2554.5,419.5,515.1,95.6,50,50,0,369.5,465.1,353.1,112,95.6,52.4,43.2,0,0,0,0,0,0,0,-6277.5,-4.2,42.9,26.4,16.8,-0.3,47.1,6,41.1,0,-133.5,0,0,-,-,-,-,-,-,0,0,-,-,-,-,-,-,0,-,-,-,-,-,-,133.5,0,-,-,-,-,-,-,-,133.5,40.3,-,-,-,-,-,-,-,93.2,-,-,-,-,-,-,-,-,-,-,-,-,-,-,-,-,-7003.1,159.5,28.1,28.1,0,54.1,0,-,-,-,-,-,-,54.1,-,-,-,-,-,-,2.5,-,-,-,-,-,-,51.3,-,-,-,-,-,-,23.5,7162.6,2237.2,53.2,2184,4836.2,3873.2,-,-,-,-,-,-,963,-,-,-,-,-,-,70,-,-,-,-,-,-,-2.8,-,-,-,-,-,-,0,22,863.3,618.5
1981-01-01,-6487.1,-6264.9,18014.5,24279.4,-6288.1,17968.1,24256.2,40.9,-17.7,5.5,23.2,2049.4,6132.6,4083.2,94.8,172.4,77.6,162.9,2005.7,335,1455.3,215.4,1842.8,54.4,1011.2,777.2,8.6,447.6,0,447.6,439,0,439,2358.2,2911.1,552.9,-41.7,-39.8,1.9,-,-,-,-,-,-,-,-,-,-17.5,1.3,-,-,18.8,-,-,9.8,23.6,-,-,-,13.8,-,-,-,-88.4,3.8,92.2,0,0,0,-424.2,419.1,843.3,-,-,-,-,-,-,-,-,-,-2.2,0,-,-,2.2,-,-,-10.9,187.8,198.7,-2804,922.8,3726.8,173.3,196.5,23.2,-2977.3,726.3,38.2,688.1,3703.6,132.4,3571.2,-94.2,38.2,38.2,24.7,13.5,0,132.4,132.4,79.3,53.1,0,-43.5,10.6,0,10.6,54.1,0,54.1,-2839.6,677.5,3517.1,532.4,597.4,65,79.2,80.4,1.2,453.2,517,432.3,84.7,63.8,19.9,43.9,0,0,0,0,0,0,0,-4945.2,-94.1,61,40.2,13.5,7.3,155.1,102,53.1,0,-24.3,0,0,-,-,-,-,-,-,0,0,-,-,-,-,-,-,0,-,-,-,-,-,-,24.3,0,-,-,-,-,-,-,-,24.3,119.7,-,-,-,-,-,-,-,-95.4,-,-,-,-,-,-,-,-,-,-,-,-,-,-,-,-,-5145.7,86.4,4.2,5.3,-1.1,50.7,31.1,-,-,-,-,-,-,19.6,-,-,-,-,-,-,1,-,-,-,-,-,-,18.6,-,-,-,-,-,-,11.9,5232.1,-88.3,-11.9,-76.4,5241.4,4327.6,-,-,-,-,-,-,913.8,-,-,-,-,-,-,63.6,-,-,-,-,-,-,-6.2,-,-,-,-,-,-,0,21.6,318.9,1541.9
1982-01-01,-5631,-6447.6,16687.3,23134.9,-6503.4,16618.4,23121.8,65.6,-9.8,3.3,13.1,3188.1,7157.4,3969.3,146.9,271.1,124.2,685.6,2331.5,371.5,1588.2,371.8,1645.9,75.7,783.6,786.6,-129.9,502.3,0,502.3,632.2,0,632.2,2660.1,3283.6,623.5,-66,-44.7,21.3,-,-,-,-,-,-,-,-,-,-13.1,0.4,-,-,13.5,-,-,10.8,31.1,-,-,-,20.3,-,-,-,-160.5,5.7,166.2,0,0,0,-3.2,559.7,562.9,-,-,-,-,-,-,-,-,-,-2.7,0,-,-,2.7,-,-,60.1,216.7,156.6,-2928.5,972,3900.5,241.1,258.4,17.3,-3169.6,713.6,84.5,629.1,3883.2,119,3764.2,-34.5,84.5,84.5,51.8,32.7,0,119,119,67.1,51.9,0,-32.5,8.4,0,8.4,40.9,0,40.9,-3102.6,620.7,3723.3,557,620.1,63.1,51.5,52.4,0.9,505.5,567.7,456.4,111.3,62.2,9.5,52.7,0,0,0,0,0,0,0,-4522,63.1,184,78.5,32.7,72.8,120.9,69,51.9,0,14.6,0,0,-,-,-,-,-,-,0,0,-,-,-,-,-,-,0,-,-,-,-,-,-,-14.6,0,-,-,-,-,-,-,-,-14.6,11.5,-,-,-,-,-,-,-,-26.1,-,-,-,-,-,-,-,-,-,-,-,-,-,-,-,-,-4692.3,492.2,5.4,5.9,-0.5,280.3,87.8,-,-,-,-,-,-,192.5,-,-,-,-,-,-,8.9,-,-,-,-,-,-,184.4,-,-,-,-,-,-,13.2,5184.5,132.8,-102,234.8,5067.4,3134.7,-,-,-,-,-,-,1932.7,-,-,-,-,-,-,-8.8,-,-,-,-,-,-,-6.9,-,-,-,-,-,-,0,0,92.6,1109
1983-01-01,-3593.5,-4464,19001.2,23465.2,-4523.8,18924.3,23448.1,69.2,-9.4,7.7,17.1,2878.4,6844.8,3966.4,315.3,441.6,126.3,710.2,2339.7,415.6,1582.6,341.5,1629.5,60.2,716.4,852.9,40.8,596.2,0,596.2,555.4,0,555.4,2050.2,2530.9,480.7,-28.1,-24.6,3.5,-,-,-,-,-,-,-,-,-,-11,4,-,-,15,-,-,32.1,50.5,-,-,-,18.4,-,-,-,-168.9,6.9,175.8,0,0,0,-160.7,660.5,821.2,-,-,-,-,-,-,-,-,-,-2,0,-,-,2,-,-,100.5,239.1,138.6,-2622.9,935.6,3558.5,293.6,315.4,21.8,-2916.5,620.2,77.4,542.8,3536.7,213.1,3323.6,-135.7,77.4,77.4,38.4,39,0,213.1,213.1,97.3,115.8,0,-29.7,6.3,0,6.3,36,0,36,-2751.1,536.5,3287.6,615,656.2,41.2,26.1,26.1,0,588.9,630.1,538,92.1,41.2,7.9,33.3,0,0,0,0,0,0,0,-3622.9,-15.4,168.9,89,39,40.9,184.3,68.5,115.8,0,-545.6,0,0,-,-,-,-,-,-,0,0,-,-,-,-,-,-,0,-,-,-,-,-,-,545.6,0,-,-,-,-,-,-,-,545.6,623.4,-,-,-,-,-,-,-,-77.8,-,-,-,-,-,-,-,-,-,-,-,-,-,-,-,-,-2987.9,-27.9,31.2,6.6,24.6,-35.3,-4.1,-,-,-,-,-,-,-31.2,-,-,-,-,-,-,-1.3,-,-,-,-,-,-,-29.3,-,-,-,-,-,-,6.8,2960,1306.9,-47.6,1354.5,1489.4,2207.1,-,-,-,-,-,-,-717.7,-,-,-,-,-,-,145.5,-,-,-,-,-,-,17.3,-,-,-,-,-,-,0.9,0,-74,-29.4
1984-01-01,-1847.4,-2371.8,22346.1,24717.9,-2441.8,22255.3,24697.1,87.5,-17.5,3.3,20.8,2921,6935.2,4014.2,520.6,677.4,156.8,705.9,2250.6,411.4,1569,270.2,1544.7,88,731.2,725.5,97.2,673.5,0,673.5,576.3,0,576.3,1855.4,2290.2,434.8,-40.3,-11,29.3,-,-,-,-,-,-,-,-,-,-122.9,1.5,-,-,124.4,-,-,8.1,32.7,-,-,-,24.6,-,-,-,-262.2,4,266.2,29,29,0,-20.5,722.5,743,-,-,-,-,-,-,-,-,-,-1.6,0,-,-,1.6,-,-,152.3,264.8,112.5,-2996.6,1092.8,4089.4,326.3,354.2,27.9,-3322.9,738.6,73.5,665.1,4061.5,201.8,3859.7,-128.3,73.5,73.5,35.1,38.4,0,201.8,201.8,88.7,113.1,0,-100.8,7.1,0,7.1,107.9,0,107.9,-3093.8,658,3751.8,600,634.4,34.4,24.3,24.3,0,575.7,610.1,530.3,79.8,34.4,9.6,24.8,0,0,0,0,0,0,0,-1608.2,-132.8,90.5,38.9,38.4,13.2,223.3,110.2,113.1,0,-836,0,0,-,-,-,-,-,-,0,0,-,-,-,-,-,-,0,-,-,-,-,-,-,836,0,-,-,-,-,-,-,-,836,824.1,-,-,-,-,-,-,-,11.9,-,-,-,-,-,-,-,-,-,-,-,-,-,-,-,-,-1514.5,2.3,49.1,32.2,16.9,-50.1,-44.8,-,-,-,-,-,-,-5.3,-,-,-,-,-,-,-0.4,-,-,-,-,-,-,-5.3,-,-,-,-,-,-,9,1516.8,-1326.6,-22.2,-1304.4,2603.1,2805.3,-,-,-,-,-,-,-202.2,-,-,-,-,-,-,239,-,-,-,-,-,-,0.4,-,-,-,-,-,-,0.9,0,875.1,239.2
1985-01-01,-2178,-2350.5,20771.5,23122,-2435.9,20670.9,23106.8,100.6,-15.2,0,15.2,2333.3,5934.1,3600.8,610.4,791.5,181.1,303.4,1866.4,363.4,1314.2,188.8,1563,52.8,781.7,728.5,178.4,784.3,0,784.3,605.9,0,605.9,1068.3,1318.6,250.3,-76,-19.5,56.5,-,-,-,-,-,-,-,-,-,-44.3,2.4,-,-,46.7,-,-,20.9,39.5,-,-,-,18.6,-,-,-,-322.4,3.2,325.6,35.3,35.3,0,415.4,839.5,424.1,-,-,-,-,-,-,-,-,-,-1.8,0,-,-,1.8,-,-,145.7,272.9,127.2,-2967.1,1154.7,4121.8,346.5,369.1,22.6,-3313.6,785.6,35.5,750.1,4099.2,238,3861.2,-202.5,35.5,35.5,18.7,16.8,0,238,238,116.2,121.8,0,-365.7,7.3,0,7.3,373,0,373,-2745.4,742.8,3488.2,806.3,837.3,31,22.5,24,1.5,783.8,813.3,723.8,89.5,29.5,5.5,24,0,0,0,0,0,0,0,-3902.1,252.5,607.8,66.7,16.8,524.3,355.3,233.5,121.8,0,-1737.4,0,0,-,-,-,-,-,-,0,0,-,-,-,-,-,-,0,-,-,-,-,-,-,1737.4,0,-,-,-,-,-,-,-,1737.4,1769.7,-,-,-,-,-,-,-,-32.3,-,-,-,-,-,-,-,-,-,-,-,-,-,-,-,-,-2376.3,67.3,-1.1,0,-1.1,6.4,-36.2,-,-,-,-,-,-,42.6,-,-,-,-,-,-,1.7,-,-,-,-,-,-,40.7,-,-,-,-,-,-,19.6,2443.6,472.2,-64.3,536.5,1649.9,1855.7,-,-,-,-,-,-,-205.8,-,-,-,-,-,-,314.7,-,-,-,-,-,-,6,-,-,-,-,-,-,0.8,0,-40.9,-1724.1
1986-01-01,2606.7,1975.8,31160,29184.2,1975.8,31098.3,29122.5,49.8,-49.8,11.9,61.7,2314,6385.8,4071.8,103.4,197.8,94.4,116.5,1996.4,431.5,1453,111.9,1879.9,60,975.7,844.2,934.5,1547.5,0,1547.5,613,0,613,689.6,851.1,161.5,-70.2,-1,69.2,-,-,-,-,-,-,-,-,-,-24,1.1,-,-,25.1,-,-,111.7,136,-,-,-,24.3,-,-,-,-462.4,15.6,478,74.7,74.7,0,627.3,1196.1,568.8,-,-,-,-,-,-,-,-,-,-2.5,0,-,-,2.5,-,-,215.4,370.5,155.1,-2948.6,1319.7,4268.3,455.4,480.6,25.2,-3404,839.1,78.7,760.4,4243.1,389,3854.1,-310.3,78.7,78.7,36.4,42.3,0,389,389,166.1,222.9,0,-484.4,10.6,0,10.6,495,0,495,-2609.3,749.8,3359.1,1265.5,1310.9,45.4,10.4,10.6,0.2,1255.1,1300.3,1116.9,183.4,45.2,13.7,31.5,0,0,0,0,0,0,0,3105.4,586.6,1269.1,194.9,42.3,1031.9,682.5,459.6,222.9,0,332.7,0,0,-,-,-,-,-,-,0,0,-,-,-,-,-,-,0,-,-,-,-,-,-,-332.7,0,-,-,-,-,-,-,-,-332.7,-238.9,-,-,-,-,-,-,-,-93.8,-,-,-,-,-,-,-,-,-,-,-,-,-,-,-,-,2231.9,286.6,0.3,0,0.3,127.1,-0.3,-,-,-,-,-,-,127.4,-,-,-,-,-,-,6,-,-,-,-,-,-,138.5,-,-,-,-,-,-,14.7,-1945.3,-24.4,-75.3,50.9,-1432.7,-166.3,-,-,-,-,-,-,-1266.4,-,-,-,-,-,-,-327.7,-,-,-,-,-,-,-160.9,-,-,-,-,-,-,0.4,0,-45.8,498.7
1987-01-01,8631.2,5778.9,43708.3,37929.4,5769.4,43611.9,37842.5,62.4,-52.9,34,86.9,3778.7,8542.8,4764.1,189.2,305.6,116.4,226,2500.7,661.4,1725.1,114.2,2274.7,142.4,965.9,1166.4,1594.9,2212.5,0,2212.5,617.6,0,617.6,1088.7,1343.7,255,15.5,42.3,26.8,-,-,-,-,-,-,-,-,-,-18.8,0.3,-,-,19.1,-,-,135.7,169.8,-,-,-,34.1,-,-,-,-570,10.3,580.3,108.2,108.2,0,710.8,1385.7,674.9,-,-,-,-,-,-,-,-,-,-2.3,0,-,-,2.3,-,-,300.8,463.7,162.9,-2595.1,1217.5,3812.6,410.6,448.2,37.6,-3005.7,769.3,49.7,719.6,3775,356.2,3418.8,-306.5,49.7,49.7,20.3,29.4,0,356.2,356.2,133.9,222.3,0,-344.1,14.9,0,14.9,359,0,359,-2355.1,704.7,3059.8,1668.7,1702.7,34,18.4,19.6,1.2,1650.3,1683.1,1474,209.1,32.8,0.7,32.1,0,0,0,0,0,0,0,11315.3,-294.3,544.3,105.6,29.4,409.3,838.6,616.3,222.3,0,296.6,0,0,-,-,-,-,-,-,0,0,-,-,-,-,-,-,0,-,-,-,-,-,-,-296.6,0,-,-,-,-,-,-,-,-296.6,-305.6,-,-,-,-,-,-,-,9,-,-,-,-,-,-,-,0,-,-,-,-,-,-,-,-,10426.8,544.2,200.2,11.9,188.3,130.3,-46,-,-,-,-,-,-,176.3,-,-,-,-,-,-,8.2,-,-,-,-,-,-,177,-,-,-,-,-,-,28.5,-9882.6,33.1,44,-10.9,-9657.5,-8898.8,-,-,-,-,-,-,-758.7,-,-,-,-,-,-,-88.2,-,-,-,-,-,-,-171.2,-,-,-,-,-,-,1.2,0,886.2,2684.1
1988-01-01,12757.7,9415.4,56353,46937.6,9363,56207.6,46844.6,81.2,-28.8,64.2,93,3159.9,9339.6,6179.7,253.2,404.3,151.1,227.3,2896.9,706.7,2001.1,189.1,2669.6,181.7,1280.3,1207.6,1911.2,3115.7,0,3115.7,1204.5,0,1204.5,391,482.6,91.6,-43.2,22.8,66,-,-,-,-,-,-,-,-,-,-15.2,0.8,-,-,16,-,-,250.2,303.2,-,-,-,53,-,-,-,-780.7,42.6,823.3,106.9,106.9,0,570.3,1490.7,920.4,-,-,-,-,-,-,-,-,-,-9.3,0,-,-,9.3,-,-,298.2,473.1,174.9,-1787.4,1580.8,3368.2,452.6,493.6,41,-2240,1087.2,144.2,943,3327.2,458,2869.2,-313.8,144.2,144.2,61.1,83.1,0,458,458,179,279,0,-357.3,20,0,20,377.3,0,377.3,-1568.9,923,2491.9,1969.8,2138.7,168.9,42,43.7,1.7,1927.8,2095,1785.2,309.8,167.2,117.7,49.5,0,0,0,0,0,0,0,13777.4,-567.1,726,196.6,83.1,446.3,1293.1,1014.1,279,0,1080.5,473.1,61.3,-,-,-,-,-,-,411.8,374.2,-,-,-,-,-,-,37.6,-,-,-,-,-,-,-607.4,0,-,-,-,-,-,-,-,-607.4,-589.2,-,-,-,-,-,-,-,-18.2,-,-,-,-,-,-,-,0,-,-,-,-,-,-,-,-,4406.7,1715.7,-17.9,-23.1,5.2,581.6,0,-,-,-,-,-,-,581.6,-,-,-,-,-,-,392.3,-,-,-,-,-,-,733,-,-,-,-,-,-,26.7,-2691,1203.4,27.5,1175.9,-3870.4,-3770.7,-,-,-,-,-,-,-99.7,-,-,-,-,-,-,-115,-,-,-,-,-,-,88.7,-,-,-,-,-,-,2.3,0,8857.3,1019.7
1989-01-01,3766.4,2410.4,57861.5,55451.1,2346.2,57687.4,55341.2,81,-16.8,93.1,109.9,1313.7,9848.1,8534.4,332.4,480.9,148.5,-91.7,3201.4,818,2257.5,125.9,3293.1,230.9,1656.3,1405.9,955,3311,0,3311,2356,0,2356,258.9,319.7,60.8,-1.9,27.4,29.3,-,-,-,-,-,-,-,-,-,-5.7,0.2,-,-,5.9,-,-,77.4,147.4,-,-,-,70,-,-,-,-1106.1,23.2,1129.3,122.8,122.8,0,471.2,1695.9,1224.7,-,-,-,-,-,-,-,-,-,-7.8,0,-,-,7.8,-,-,309.2,518.2,209,-876.1,2368.6,3244.7,527.9,570.4,42.5,-1404,1798.2,248.3,1549.9,3202.2,479.4,2722.8,-231.1,248.3,248.3,116.6,131.7,0,479.4,479.4,207.6,271.8,0,-287.9,48.8,0,48.8,336.7,0,336.7,-885,1501.1,2386.1,918.4,1760.6,842.2,40.1,47.9,7.8,878.3,1712.7,1490.9,221.8,834.4,791.1,43.3,0,0,0,0,0,0,0,5586.1,-660.1,729.5,340.6,131.7,257.2,1389.6,1103.7,271.8,14.1,710.8,708.7,105.3,-,-,-,-,-,-,603.4,553,-,-,-,-,-,-,50.4,-,-,-,-,-,-,-2.1,0,-,-,-,-,-,-,-,-2.1,-1.1,-,-,-,-,-,-,-,-1,-,-,-,-,-,-,-,0,-,-,-,-,-,-,-,-,2345,819.8,582.1,565.3,16.8,-122.4,85.7,-,-,-,-,-,-,-208.1,-,-,-,-,-,-,455,-,-,-,-,-,-,-102.6,-,-,-,-,-,-,7.7,-1525.2,359,518.4,-159.4,-1910.4,-4274.4,-,-,-,-,-,-,2364,-,-,-,-,-,-,-78.2,-,-,-,-,-,-,103.7,-,-,-,-,-,-,0.7,0,3190.4,1819.7
1990-01-01,-2804.2,-3689.4,59861.3,63550.7,-3712.9,59592.2,63305.1,90.8,-67.3,178.3,245.6,501,10792.2,10291.2,426.7,591.6,164.9,-746.9,3299.2,848.6,2238.9,211.7,4046.1,352.1,1982.7,1711.3,393.1,3161.1,0,3161.1,2768,0,2768,382.5,472,89.5,24.3,3.9,-20.4,-,-,-,-,-,-,-,-,-,-10.3,0.7,-,-,11,-,-,118.1,258.9,-,-,-,140.8,-,-,-,-1339.7,37.1,1376.8,131.1,131.1,0,850.1,2355,1504.9,-,-,-,-,-,-,-,-,-,-7.4,0,-,-,7.4,-,-,279.4,481.6,202.2,-548.1,2702.4,3250.5,494.4,547.6,53.2,-1042.5,2154.8,176,1978.8,3197.3,507.5,2689.8,-331.5,176,176,94.4,81.6,0,507.5,507.5,250.4,257.1,0,-257.6,53.9,0,53.9,311.5,0,311.5,-453.4,1924.9,2378.3,932.3,2089.6,1157.3,-9.8,76,85.8,942.1,2013.6,1696.9,316.7,1071.5,982.7,88.8,0,0,0,0,0,0,0,-3529.2,87.6,1133.2,802.1,81.6,249.5,1045.6,773,257.1,15.5,-161.8,499.7,54.5,-,-,-,-,-,-,445.2,414.1,-,-,-,-,-,-,31.1,-,-,-,-,-,-,661.5,380.5,-,-,-,-,-,-,-,281,277.6,-,-,-,-,-,-,-,3.4,-,-,-,-,-,-,-,78.2,-,-,-,-,-,-,-,-,-2347.5,2945.3,218.2,188.2,30,750.9,4.3,-,-,-,-,-,-,746.6,-,-,-,-,-,-,198.5,-,-,-,-,-,-,1751.9,-,-,-,-,-,-,25.8,5292.8,3233.1,549.2,2683.9,2150,-1402.2,-,-,-,-,-,-,3552.2,-,-,-,-,-,-,-3,-,-,-,-,-,-,-87.8,-,-,-,-,-,-,0.5,0,-1185.7,-725
1991-01-01,-8033.5,-7153.4,67400.8,74554.2,-7165.2,67128.1,74293.3,75,-63.2,197.7,260.9,-1013.3,11197.2,12210.5,491.4,624.4,133,-980.1,3976,933.3,2790.9,251.8,4956.1,489.9,2511.7,1954.5,-357.9,2855.7,0,2855.7,3213.6,0,3213.6,332,409.8,77.8,-3.1,-16.5,-13.4,-,-,-,-,-,-,-,-,-,-39.4,1.6,-,-,41,-,-,60.2,233.6,-,-,-,173.4,-,-,-,-1548.2,60.5,1608.7,164.9,192.3,27.4,814.9,2536.1,1721.2,-,-,-,-,-,-,-,-,-,-7.5,0,-,-,7.5,-,-,59.5,323.7,264.2,-606.8,2757.5,3364.3,525,610,85,-1131.8,2147.5,226.6,1920.9,3279.3,554.6,2724.7,-328,226.6,226.6,124,102.6,0,554.6,554.6,279.2,275.4,0,-263.2,47.6,0,47.6,310.8,0,310.8,-540.6,1873.3,2413.9,740,2328.1,1588.1,-177.7,51.1,228.8,917.7,2277,1879.1,397.9,1359.3,1193.6,165.7,0,0,0,0,0,0,0,-7206.8,136,1591.2,1254.4,102.6,234.2,1455.2,1162.7,275.4,17.1,-3103.6,-197.8,-10.2,-,-,-,-,-,-,-187.6,-174.8,-,-,-,-,-,-,-12.8,-,-,-,-,-,-,2905.8,199.9,-,-,-,-,-,-,-,2705.9,2695.7,-,-,-,-,-,-,-,10.2,-,-,-,-,-,-,-,48.8,-,-,-,-,-,-,-,-,-3144.8,3853.5,343,240.1,102.9,1051.1,15.4,-,-,-,-,-,-,1035.7,-,-,-,-,-,-,266.9,-,-,-,-,-,-,2170.5,-,-,-,-,-,-,22,6998.3,1252.3,724.5,527.8,5085.2,3061.4,-,-,-,-,-,-,2023.8,-,-,-,-,-,-,141.2,-,-,-,-,-,-,520.1,-,-,-,-,-,-,-0.5,0,-1143.2,826.7
1992-01-01,-2901.2,-1440.4,73489,74929.4,-1416.1,73166.6,74582.7,85.4,-109.7,237,346.7,-1832,11772.3,13604.3,485.9,639.3,153.4,-1117.1,4492.2,991.7,3105.9,394.6,5609.3,472.7,2445.6,2691,-523,2689.5,0,2689.5,3212.5,0,3212.5,199.4,246.2,46.8,-113.3,29.1,142.4,-,-,-,-,-,-,-,-,-,-21.5,23.4,-,-,44.9,-,-,46.2,248,-,-,-,201.8,-,-,-,-1567.7,105,1672.7,188.2,214.1,25.9,673,2842.6,2169.6,-,-,-,-,-,-,-,-,-,-8.5,0,-,-,8.5,-,-,-73.6,242.9,316.5,-533.6,2609,3142.6,520.3,627.9,107.6,-1053.9,1981.1,426.9,1554.2,3035,505,2530,-78.1,426.9,426.9,212.7,214.2,0,505,505,231.7,273.3,0,-302.4,43,0,43,345.4,0,345.4,-673.4,1511.2,2184.6,904.8,2472.6,1567.8,-25.3,68.5,93.8,930.1,2404.1,2058,346.1,1474,1297.7,176.3,0,0,0,0,0,0,0,-1583.8,374.1,1375.7,960.2,214.2,201.3,1001.6,713.7,273.3,14.6,-5950.5,-76,-7.8,-,-,-,-,-,-,-68.2,-73.7,-,-,-,-,-,-,5.5,-,-,-,-,-,-,5874.5,2482.1,-,-,-,-,-,-,-,3392.4,3393.7,-,-,-,-,-,-,-,-1.3,-,-,-,-,-,-,-,148,-,-,-,-,-,-,-,-,136.2,5059.7,9.4,-3.9,13.3,2301.3,260,-,-,-,-,-,-,2041.3,-,-,-,-,-,-,1531,-,-,-,-,-,-,1195.5,-,-,-,-,-,-,22.5,4923.5,2125.6,217.8,1907.8,2582.8,1059.9,-,-,-,-,-,-,1522.9,-,-,-,-,-,-,77.5,-,-,-,-,-,-,132.8,-,-,-,-,-,-,4.8,0,3708.4,1317.4
1993-01-01,1688.1,2682.7,80789.6,78106.9,2695.9,80424.5,77728.6,74.9,-88.1,290.2,378.3,-1019,14078.9,15097.9,365.7,451.1,85.4,-821.7,5542,1179,3789.1,573.9,6363.7,389.4,2642.3,3332,-568.9,2964.4,34.9,2929.5,3533.3,297.4,3235.9,422.3,521.2,98.9,-74.2,23.2,97.4,-,-,-,-,-,-,-,-,-,-40,62.4,-,-,102.4,-,-,12.3,250,-,-,-,237.7,-,-,-,-1321.9,129.5,1451.4,207,210.1,3.1,687,3454.1,2767.1,-,-,-,-,-,-,-,-,-,-6.4,0,-,-,6.4,-,-,119.8,470.9,351.1,-742.3,2436.9,3179.2,667.5,807.2,139.7,-1409.8,1629.7,203.7,1426,3039.5,483.4,2556.1,-242.8,203.7,203.7,100.2,103.5,0,446.5,446.5,202.3,244.2,0,-512.2,43.3,0,43.3,555.5,36.9,518.6,-654.8,1382.7,2037.5,766.7,2310.9,1544.2,-142.8,101,243.8,909.5,2209.9,1825.8,384.1,1300.4,1047,253.4,0,0,0,0,0,0,0,472.5,611.2,1443.5,1287.2,103.5,52.8,832.3,573.8,244.2,14.3,-10102,985.8,204.4,-,-,-,-,-,-,781.4,731.8,-,-,-,-,-,-,49.6,-,-,-,-,-,-,11087.8,6615,-,-,-,-,-,-,-,4472.8,4478.4,-,-,-,-,-,-,-,-5.6,-,-,-,-,-,-,-,87.6,-,-,-,-,-,-,-,-,6868,5412.9,88.4,16.8,71.6,2498.5,-14.9,-,-,-,-,-,-,2513.4,-,-,-,-,-,-,1412.3,-,-,-,-,-,-,1387.1,-,-,-,-,-,-,26.6,-1455.1,-1693.7,-459.4,-1234.3,25.4,-1328.1,-,-,-,-,-,-,1353.5,-,-,-,-,-,-,80.7,-,-,-,-,-,-,128.1,-,-,-,-,-,-,4.4,0,3007.7,-1215.6
1994-01-01,-4793.5,-3860.8,91980.1,95840.9,-3835.1,91322.8,95157.9,89.9,-115.6,567.4,683,-572.3,18038.5,18610.8,383,525.3,142.3,207.4,7483.8,1317,5144.8,1022,7276.4,451.9,3028.1,3796.4,-1172.9,3339.6,23.1,3316.5,4512.5,944.6,3567.9,451,556.9,105.9,-128.9,50.1,179,-,-,-,-,-,-,-,-,-,3.1,91.9,-,-,88.8,-,-,0.9,324.2,-,-,-,323.3,-,-,-,-1612.5,154.8,1767.3,225.1,225.3,0.2,866.3,4713.7,3847.4,-,-,-,-,-,-,-,-,-,-9.5,0,-,-,9.5,-,-,214.7,572.9,358.2,-1174.8,2537.1,3711.9,630.9,795.9,165,-1805.7,1741.2,252.6,1488.6,3546.9,674.6,2872.3,-313.3,252.6,252.6,123.6,129,0,565.9,565.9,241.6,324.3,0,-728.8,51.5,0,51.5,780.3,108.7,671.6,-763.6,1437.1,2200.7,814.4,2497.4,1683,-228.7,89.2,317.9,1043.1,2408.2,1961.6,446.6,1365.1,1202.7,162.4,0,0,0,0,0,0,0,-6297.5,1453.5,2590.1,2322.4,129,138.7,1136.6,782.3,324.3,30,-6232.3,2480.8,382.4,-,-,-,-,-,-,2098.4,1901.8,-,-,-,-,-,-,196.6,-,-,-,-,-,-,8713.1,3614.1,-,-,-,-,-,-,-,5099,5099,-,-,-,-,-,-,-,0,-,-,-,-,-,-,-,112.2,-,-,-,-,-,-,-,-,-6277.1,7355,115.9,62.5,53.4,2048,134.2,-,-,-,-,-,-,1913.8,-,-,-,-,-,-,1559.4,-,-,-,-,-,-,3605,-,-,-,-,-,-,26.7,13632.1,2857.6,-330.4,3188,10817.2,3171.8,-,-,-,-,-,-,7645.4,-,-,-,-,-,-,-11.5,-,-,-,-,-,-,-34.1,-,-,-,-,-,-,2.9,0,4646.2,-1504
1995-01-01,-10229.7,-7004,119577.7,126581.7,-6878.1,117083,123961.1,64,-189.9,2430.7,2620.6,-1394.7,24424.6,25819.3,542.7,751.3,208.6,-475.7,9406.3,1519.9,6630.6,1255.8,9882,606.4,3877.9,5397.7,-1190.3,5150.4,90.2,5060.2,6340.7,998.1,5342.6,579.6,715.5,135.9,-274.6,-19.9,254.7,-,-,-,-,-,-,-,-,-,-24.7,105,-,-,129.7,-,-,-85.8,368.1,-,-,-,453.9,-,-,-,-2168.9,299.2,2468.1,209.4,228.7,19.3,1226,6725.9,5499.9,-,-,-,-,-,-,-,-,-,-14.6,0,-,-,14.6,-,-,282.2,694.1,411.9,-2122.1,3466.7,5588.8,559,789.4,230.4,-2681.1,2677.3,528.1,2149.2,5358.4,1182.4,4176,-580.3,506.1,506.1,189.6,316.5,0,1086.4,1086.4,375.1,711.3,0,-921.9,76,22,54,997.9,96,901.9,-1178.9,2095.2,3274.1,291.1,2922.2,2631.1,-496,89.7,585.7,787.1,2832.5,2505.2,327.3,2045.4,1856.7,188.7,0,0,0,0,0,0,0,-11517,1381.4,3868.5,3261.9,316.5,290.1,2487.1,1766.9,711.3,8.9,-11712,2907.3,238,-,-,-,-,-,-,2669.3,2355.7,-,-,-,-,-,-,313.6,-,-,-,-,-,-,14619.3,4218.9,-,-,-,-,-,-,-,10400.4,10402.1,-,-,-,-,-,-,-,-1.7,-,-,-,-,-,-,-,121.3,-,-,-,-,-,-,-,-,-8352.6,13097,117.1,-18.5,135.6,4953.7,294.4,-,-,-,-,-,-,4659.3,-,-,-,-,-,-,2655.5,-,-,-,-,-,-,5347.1,-,-,-,-,-,-,23.6,21449.6,4140.9,-190.6,4331.5,16239.2,3800.4,-,-,-,-,-,-,12438.8,-,-,-,-,-,-,954.1,-,-,-,-,-,-,109.9,-,-,-,-,-,-,5.5,0,7044.9,-1287.3
1996-01-01,-24461.1,-17346.5,124427.4,141773.9,-17354.3,119037.5,136391.8,79.7,-71.9,5310.2,5382.1,-4631.8,24970.2,29602,558.6,854.3,295.7,-1560.7,8930.4,1469.9,6960.1,500.4,10491.1,808.5,3426.8,6255.8,-2602.6,4879.7,24.3,4855.4,7482.3,1128,6354.3,459.7,567.6,107.9,-108.3,95.1,203.4,-,-,-,-,-,-,-,-,-,20.2,122.7,-,-,102.5,-,-,-50.1,422.7,-,-,-,472.8,-,-,-,-2352.1,184.9,2537,155.8,237.4,81.6,532.4,7911.2,7378.8,-,-,-,-,-,-,-,-,-,-14.8,0,-,-,14.8,-,-,330.1,764.2,434.1,-2214.8,3867.8,6082.6,452,763.3,311.3,-2666.8,3104.5,576.3,2528.2,5771.3,1114.6,4656.7,-268.4,556.9,556.9,273.7,283.2,0,825.3,825.3,368.1,457.2,0,-1391.8,111.8,19.4,92.4,1503.6,289.3,1214.3,-1006.6,2435.8,3442.4,-268,3076.7,3344.7,-374.1,31.6,405.7,106.1,3045.1,2609.2,435.9,2939,2605.7,333.3,0,0,0,0,0,0,0,-23467.9,2170.7,4953.3,4372.5,283.2,297.6,2782.6,2305,457.2,20.4,-15101.8,6412.6,652.8,-,-,-,-,-,-,5759.8,4557.5,-,-,-,-,-,-,1202.3,-,-,-,-,-,-,21514.4,5953.6,-,-,-,-,-,-,-,15560.8,15543.6,-,-,-,-,-,-,-,17.2,-,-,-,-,-,-,-,-82.8,-,-,-,-,-,-,-,-,-11842.6,12728.2,62.2,-94.3,156.5,5556.2,295.3,-,-,-,-,-,-,5260.9,-,-,-,-,-,-,2631.5,-,-,-,-,-,-,4473.3,-,-,-,-,-,-,5,24570.8,4546,522.2,4023.8,19347.2,4797.9,-,-,-,-,-,-,14549.3,-,-,-,-,-,-,-5.3,-,-,-,-,-,-,685.6,-,-,-,-,-,-,-2.7,0,1388.6,993.2
1997-01-01,-10811.5,-6745,132366.7,139111.7,-6823.4,126033.5,132856.9,175.6,-97.2,6157.6,6254.8,-1244.2,28253.6,29497.8,809.5,1169.1,359.6,480.6,11156.4,1585.7,8687.1,883.6,10675.8,1051,2782.9,6841.9,-2256.4,4731.1,20.9,4710.2,6987.5,1157.7,5829.8,543.6,671,127.4,-164.1,-1.9,162.2,-,-,-,-,-,-,-,-,-,85.3,159.4,-,-,74.1,-,-,-126.3,425.6,-,-,-,551.9,-,-,-,-2277.2,252.6,2529.8,224.1,240.4,16.3,1055.3,8583.2,7527.9,-,-,-,-,-,-,-,-,-,-16.2,4.4,-,-,20.6,-,-,397.6,862.3,464.7,-3167.4,3757.2,6924.6,585.6,726,140.4,-3753,3031.2,254.1,2777.1,6784.2,1106.1,5678.1,-625.1,237.3,233.9,272,-38.1,3.4,862.4,860.1,403.2,456.9,2.3,-1208,252.4,20.2,232.2,1460.4,246,1214.4,-1919.9,2541.5,4461.4,345.1,3882.1,3537,-419,46.6,465.6,764.1,3835.5,3180.8,654.7,3071.4,2716.1,355.3,0,0,0,0,0,0,0,-17785.3,1110.2,4411.3,4258.4,-38.1,191,3301.1,2778.1,456.9,66.1,-14384,-1075.9,319.5,-,-,-,-,-,-,-1395.4,-744.5,-,-,-,-,-,-,-650.9,-,-,-,-,-,-,13308.1,2525,-,-,-,-,-,-,-,10783.1,10723.9,-,-,-,-,-,-,-,59.2,-,-,-,-,-,-,-,88.7,-,-,-,-,-,-,-,-,7321.5,12055.4,1170.3,-89.7,1260,11866.3,259.1,-,-,-,-,-,-,11607.2,-,-,-,-,-,-,-138.8,-,-,-,-,-,-,-923.9,-,-,-,-,-,-,81.5,4733.9,-361.9,267,-628.9,3784.9,21777,-,-,-,-,-,-,-17992.1,-,-,-,-,-,-,-576.5,-,-,-,-,-,-,1883.7,-,-,-,-,-,-,3.7,0,-11921.7,-6973.8
1998-01-01,40112.8,39613.8,127539,87925.2,37134,120752.1,83618.1,94.9,2384.9,6692,4307.1,2881.3,27430.6,24549.3,838.3,1193.7,355.4,722.3,10322.6,1354.6,8008.4,959.6,9600.3,556.5,2060.7,6983.1,3438.2,6908.2,42.8,6865.4,3470,829.7,2640.3,448.5,560.5,112,-91.3,51.5,142.8,-,-,-,-,-,-,-,-,-,36.2,145.1,-,-,108.9,-,-,-165.4,469.9,-,-,-,635.3,-,-,-,-2172.9,261.5,2434.4,231.2,234.5,3.3,-706.6,6535.7,7242.3,-,-,-,-,-,-,-,-,-,-4.9,10.8,-,-,15.7,-,-,307.7,736.6,428.9,-5201,3812.7,9013.7,290.1,461.6,171.5,-5491.1,3351.1,164.6,3186.5,8842.2,1070.4,7771.8,-811.2,156.6,137.1,147,-9.9,19.5,967.8,962.9,386,576.9,4.9,-1781.8,493.5,27.5,466,2275.3,107.5,2167.8,-2898.1,2701,5599.1,2818.7,5305.6,2486.9,-435.6,41,476.6,3254.3,5264.6,4508.7,755.9,2010.3,1592.5,417.8,441.7,2,2,0,439.7,457.5,17.8,33969.4,-1768.9,4220.3,3313.2,-9.9,917,5989.2,4888.6,576.9,523.7,1224.1,1998.9,-41.6,-,-,-,-,-,-,2040.5,1864.4,-,-,-,-,-,-,176.1,-,-,-,-,-,-,774.8,3856.2,-,-,-,-,-,-,-,-3081.4,-2854.6,-,-,-,-,-,-,-,-226.8,-,-,-,-,-,-,-,654.1,-,-,-,-,-,-,-,-,2885.1,-4883.1,621.9,-38,659.9,-3604.3,3527.5,-,-,-,-,-,-,-7131.8,-,-,-,-,-,-,-613.3,-,-,-,-,-,-,-1323.7,-,-,-,-,-,-,36.3,-7768.2,-6008.5,36.9,-6045.4,-1507.9,19107.4,-,-,-,-,-,-,-20615.3,-,-,-,-,-,-,705.9,-,-,-,-,-,-,-955.3,-,-,-,-,-,-,-2.4,0,30975,-6585.1
1999-01-01,21784.6,25446.4,136030.6,110584.2,25590.3,132973.1,107382.8,107,-250.9,2950.5,3201.4,1042.1,28226.6,27184.5,986.6,1510.5,523.9,1189.1,11527.4,1496,8936,1095.4,10338.3,673.9,2858.6,6805.8,1959.7,6840.6,38.7,6801.9,4880.9,905.5,3975.4,400.3,498.3,98,162.6,48.4,-114.2,-,-,-,-,-,-,-,-,-,-3.8,182.1,-,-,185.9,-,-,-142.7,263.8,-,-,-,406.5,-,-,-,-2278.1,463.1,2741.2,97.8,126.7,28.9,-1643,5984.8,7627.8,-,-,-,-,-,-,-,-,-,-42.3,18.1,-,-,60.4,-,-,355.9,762.8,406.9,-5536.8,4427.4,9964.2,362.8,541,178.2,-5899.6,3886.4,349.8,3536.6,9786,2452.1,7333.9,-1868.7,379.2,328.6,157,171.6,50.6,2247.9,2207.8,814.9,1392.9,40.1,-2669.1,464.2,21.2,443,3133.3,244.3,2889,-1361.8,3043,4404.8,832.9,4363.8,3530.9,-360.7,59.5,420.2,1193.6,4304.3,3805.1,499.2,3110.7,2324.2,786.5,56.2,70.9,75.7,4.8,-14.7,10.3,25,18370.8,-6759.1,3967.2,3602,171.6,193.6,10726.3,8889.2,1392.9,444.2,-9189.9,-1282,270.5,-,-,-,-,-,-,-1552.5,-910.5,-,-,-,-,-,-,-642,-,-,-,-,-,-,7907.9,12072.2,-,-,-,-,-,-,-,-4164.3,-3770.7,-,-,-,-,-,-,-,-393.6,-,-,-,-,-,-,-,513.5,-,-,-,-,-,-,-,-,10823.4,1896.7,601.5,0,601.5,-4833.5,-1570.3,-,-,-,-,-,-,-3263.2,-,-,-,-,-,-,2718.5,-,-,-,-,-,-,3238.1,-,-,-,-,-,-,172.1,-8926.7,4441,102.3,4338.7,-13454.8,-16093,-,-,-,-,-,-,2638.2,-,-,-,-,-,-,-494.5,-,-,-,-,-,-,587.1,-,-,-,-,-,-,-5.5,0,22982.9,-3470
2000-01-01,10180.8,15392.5,169523.6,154131.1,15733.2,167711.2,151978,289,-629.7,1523.4,2153.1,-845.7,32556.4,33402.1,878.4,1596.2,717.8,2299.6,13734.4,1692.5,9914.5,2127.4,11434.8,813.1,3247.8,7373.9,-297.6,6834.3,23,6811.3,7131.9,957.9,6174,745.8,933.1,187.3,-77.8,68.2,146,-,-,-,-,-,-,-,-,-,85,276.2,-,-,191.2,-,-,-65.4,257.2,-,-,-,322.6,-,-,-,-2598.8,701.5,3300.3,78.8,102.5,23.7,-2234.2,7239,9473.2,-,-,-,-,-,-,-,-,-,-22.3,26.4,-,-,48.7,-,-,362.8,787.4,424.6,-4151.7,7036.9,11188.6,379,598.7,219.7,-4530.7,6438.2,1066.2,5372,10968.9,4066.8,6902.1,-2323,1093.3,1044.4,683.8,360.6,48.9,3416.3,3379.8,1153.8,2226,36.5,-2873,252.6,21.8,230.8,3125.6,687,2438.6,665.3,5092.3,4427,-214.3,4440.7,4655,-509.4,41.1,550.5,295.1,4399.6,3924.8,474.8,4104.5,3420.7,683.8,38.4,49.8,65,15.2,-11.4,7.8,19.2,9525.8,-6667.3,4842.1,4099.9,360.6,381.6,11509.4,8282.2,2226,1001.2,-12176.7,520.3,480.1,-,-,-,-,-,-,40.2,-4.5,-,-,-,-,-,-,44.7,-,-,-,-,-,-,12697,13093.6,0,-,-,-,-,-,-,-396.6,-3251,0,-,-,-,-,-,-,2854.4,0,-,-,-,-,-,-,179.2,-,-,-,-,-,-,-,-,4419.4,3043.2,885.1,0,885.1,2238.5,-1486.5,-,-,-,-,-,-,3725,-,-,-,-,-,-,-887.6,-,-,-,-,-,-,753.2,-,-,-,-,-,-,54,-1376.2,4235.3,-40.8,4276.1,-4858.2,-3898.8,-,-,-,-,-,-,-959.4,-,-,-,-,-,-,-924.8,-,-,-,-,-,-,148.6,-,-,-,-,-,-,22.9,0,23771.2,-693.4
2001-01-01,2165.2,9406.5,146419.6,137013.1,9643.5,145098.2,135454.7,265.9,-502.9,1055.5,1558.4,-2266.3,30776.6,33042.9,306.4,1045.9,739.5,1735,13261.8,1534.5,9498.5,2228.8,11526.8,732.4,3100.2,7694.2,-1235.5,6381.5,10.8,6370.7,7617,1070,6547,964.1,1189.7,225.6,-313.8,60.1,373.9,-,-,-,-,-,-,-,-,-,117,199.9,-,-,82.9,-,-,-146,239.6,-,-,-,385.6,-,-,-,-2194.7,947.3,3142,5.8,37.2,31.4,-2023,6404,8427,-,-,-,-,-,-,-,-,-,19.8,57.2,-,-,37.4,-,-,498.6,952.4,453.8,-3713.8,7277.7,10991.5,361.4,580.9,219.5,-4075.2,6696.8,1172.3,5524.5,10772,5236.9,5535.1,-3468.2,1186.1,1145.3,578.6,566.7,40.8,4654.3,4637.1,1642.5,2994.6,17.2,-2529.1,180.3,27,153.3,2709.4,599.8,2109.6,1922.1,5330.4,3408.3,-1261.2,4476.3,5737.5,-591.1,49.8,640.9,-670.1,4426.5,3935.3,491.2,5096.6,4267,829.6,-64.1,-0.7,1.5,2.2,-63.4,4.4,67.8,8288.7,-3778.8,2743.5,1948.7,566.7,228.1,6522.3,3189.2,2994.6,338.5,-6706.3,5521,491.7,-,-,-,-,-,-,5029.3,3818.9,-,-,-,-,-,-,1210.4,-,-,-,-,-,-,12227.3,10265.7,-,-,-,-,-,-,-,1961.6,3002.7,-,-,-,-,-,-,-,-1041.1,-,-,-,-,-,-,-,122.9,-,-,-,-,-,-,-,-,11075.1,-6645.2,1208.4,0,1208.4,-3105.2,-737.9,-,-,-,-,-,-,-2367.3,-,-,-,-,-,-,-2242.3,-,-,-,-,-,-,-2548.7,-,-,-,-,-,-,42.6,-17720.3,-3144.5,-154.5,-2990,-13208.1,-9004.7,-,-,-,-,-,-,-4203.4,-,-,-,-,-,-,-1159.3,-,-,-,-,-,-,-222.3,-,-,-,-,-,-,13.9,0,7575.8,6187.6
2002-01-01,4066.1,14413.6,160956,146542.4,14435.3,159313,144877.7,715.7,-737.4,927.3,1664.7,-5826.3,31023.1,36849.4,267,998.4,731.4,1474.8,13332.4,1685.1,9737,1910.3,11857.6,975,3749,7133.6,-4532.6,5931.9,16.9,5915,10464.5,1426.6,9037.9,1752.7,2183.5,430.8,-533.7,36.9,570.6,-,-,-,-,-,-,-,-,-,223,292.5,-,-,69.5,-,-,-68,192.7,-,-,-,260.7,-,-,-,-2246.3,879.6,3125.9,18.2,24.7,6.5,-2812.8,5996.6,8809.4,-,-,-,-,-,-,-,-,-,42.4,111.3,-,-,68.9,-,-,589,1042.6,453.6,-2407.1,7299.9,9707,383.3,604.3,221,-2790.4,6695.6,962.7,5732.9,9486,5524.4,3961.6,-3952.3,966.2,934.6,514,420.6,31.6,4918.5,4884.1,1801.3,3082.8,34.4,-1884.1,339.9,28.1,311.8,2224,640.3,1583.7,3046,5389.5,2343.5,-2114.1,5325,7439.1,-692.4,86.4,778.8,-1421.7,5238.6,4530.5,708.1,6660.3,5641.2,1019.1,-9.4,2.7,3.3,0.6,-12.1,8.3,20.4,5559.4,-2037.9,3437.2,2782.7,420.6,233.9,5475.1,2032.5,3082.8,359.8,-346.4,5031.6,1460.2,-,-,-,-,-,-,3571.4,4819.1,-,-,-,-,-,-,-1247.7,-,-,-,-,-,-,5378,395.3,-,-,-,-,-,-,-,4982.7,2981.1,-,-,-,-,-,-,-,2001.6,-,-,-,-,-,-,-,-362.3,-,-,-,-,-,-,-,-,-3493.4,-1037.3,689.2,0,689.2,-4752.7,-483.2,-,-,-,-,-,-,-4269.5,-,-,-,-,-,-,538.4,-,-,-,-,-,-,2440,-,-,-,-,-,-,47.8,2456.1,523.5,-398.7,922.2,1934,-3147.5,-,-,-,-,-,-,5081.5,-,-,-,-,-,-,-655.2,-,-,-,-,-,-,679.1,-,-,-,-,-,-,-25.3,0,11799.4,1502.7
2003-01-01,11308.3,22138,194911.8,172773.8,21954.6,191961.1,170006.5,1003.5,-820.1,1947.2,2767.3,-4845.1,35760.5,40605.6,339.7,1352.2,1012.5,3070.5,17235.1,1647.1,13398.1,2189.9,14164.6,960.3,4638.8,8565.5,-4748.1,5354.7,14.8,5339.9,10102.8,1854.7,8248.1,1644.8,2038.4,393.6,-356.3,34,390.3,-,-,-,-,-,-,-,-,-,208.7,309.8,-,-,101.1,-,-,-97.8,193.8,-,-,-,291.6,-,-,-,-2321,1339.1,3660.1,10.7,16.8,6.1,-3304.8,6649.1,9953.9,-,-,-,-,-,-,-,-,-,-42.2,34.3,-,-,76.5,-,-,750.7,1203.2,452.5,-2819.8,7691.9,10511.7,472.6,747.6,275,-3292.4,6944.3,1560.6,5383.7,10236.7,7051,3185.7,-4218.7,1505.8,1448.7,855.3,593.4,57.1,5724.5,5707.8,2223.3,3484.5,16.7,-1794.8,673.2,111.9,561.3,2468,1343.2,1124.8,2721.1,4765.3,2044.2,-3164.8,5861.6,9026.4,-854.9,63.1,918,-2309.9,5798.5,5127.6,670.9,8108.4,6531.1,1577.3,-47.9,6.8,8,1.2,-54.7,6,60.7,16680.9,-1991.2,5018.8,4661.9,593.4,-236.5,7010,2974.7,3484.5,550.8,-17287.4,5402.8,1992.7,-,0,434.1,1558.6,-,-,3410.1,3235.9,-,0,-209.1,3445,-,-,174.2,-,0,161.8,12.4,-,-,22690.2,14418.5,-,-,-,-,-,-,-,8271.7,8083.7,-,-,-,-,-,-,-,188,-,-,-,-,-,-,-,-619.1,-,-,-,-,-,-,-,-,10729.2,5404,301.9,0,301.9,4499.7,-121.2,-12.2,98.6,-207.6,0,0,0,4620.9,0,0,4705,-84.1,-9.2,-74.9,2224.8,0,-0.7,430.9,1794.6,330.8,1463.8,-1682.3,0,-5,-718.2,-959.1,-462.2,-496.9,59.9,-5325.2,100.7,-28.4,129.1,-5031.9,-5098.8,0,-5255.1,427,-270.7,372.1,-642.8,66.9,0,0,648.4,-581.5,-13.6,-567.9,304.7,6.4,0,-503,801.3,801.3,0,-656.9,0,0,-656.9,0,0,0,-41.8,0,25849.4,5420.5
2004-01-01,29289.9,39173,256053.7,216880.7,38213.2,251732.6,213519.4,1376.5,-416.7,2944.6,3361.3,-5050.4,45284.6,50335,-296,1581.6,1877.6,4482.6,22615,2156.8,17289.5,3168.7,18132.4,1156.6,7031.4,9944.4,-6285,6065.2,15.9,6049.3,12350.2,2493.8,9856.4,2169.4,2659,489.6,-322.5,138.7,461.2,-,-,-,-,-,-,-,-,-,358.8,485.3,-,-,126.5,-,-,-124.7,226.8,-,-,-,351.5,-,-,-,-2681.3,1916.8,4598.1,14.5,99.1,84.6,-3137.1,8068.6,11205.7,-,-,-,-,-,-,-,-,-,-51.8,51.5,-,-,103.3,-,-,822.7,1377,554.3,-1794.4,10781,12575.4,406.1,731.8,325.7,-2200.5,10049.2,3320,6729.2,12249.7,9061.7,3188,-3389.8,3191.1,3175.1,1509.2,1665.9,16,6580.9,6572.9,2524.7,4048.2,8,-2846.3,765.3,144.9,620.4,3611.6,2488.8,1122.8,4035.6,6092.8,2057.2,-3038.3,6162,9200.3,-908.1,80,988.1,-2130.2,6082,5203.4,878.6,8212.2,6605.2,1607,9.7,6.5,7,0.5,3.2,15.6,12.4,34059.4,-6098.8,7195.6,5092.1,1665.9,437.6,13294.4,7880,4048.2,1366.2,-6599,11775.8,3621.6,-,0,3302.8,318.8,-,-,8154.2,7937.7,-,3203.4,691.3,4043,-,-,216.5,-,0,227,-10.5,-,-,18374.8,9468.8,-,-,-,-,-,-,-,8906,9185.4,-,-,-,-,-,-,-,-279.4,-,-,-,-,-,-,-,-2020.3,-,-,-,-,-,-,-,-,10067,8444.4,522.9,0,522.9,2386.1,1129.1,-8.1,1407.7,-270.5,0,0,0,1257,0,0,1315.5,-58.5,-31,-27.5,1121.5,0,33,48.5,1040,41.2,998.8,4351.2,0,0,4572.9,-221.7,-2.1,-219.6,62.7,-1622.6,2925.6,17.3,2908.3,-935,-4230.4,0,-2548.9,-1487.7,-193.8,-182.1,-11.7,3295.4,0,0,3515.1,-219.7,9,-228.7,-3297.4,9,0,-1143.6,-2162.8,-2162.8,0,-296.9,0,0,-296.9,0,0,0,-18.9,0,38710.5,4759.8
2005-01-01,12208.6,32492.5,285262,252769.5,31786,283798.1,252012.1,1247.8,-541.3,216.1,757.4,-8984.2,50537.7,59521.9,-586.7,1928.7,2515.4,3172.5,23919.4,2484.2,18224.1,3211.1,20746.9,1518,8126.1,11102.8,-9608.2,5797.7,12.6,5785.1,15405.9,3380.9,12025,3828.2,4706.9,878.7,-564,168.7,732.7,-,-,-,-,-,-,-,-,-,537.7,772.8,-,-,235.1,-,-,-115.2,294.9,-,-,-,410.1,-,-,-,-2684.4,2035.6,4720,-17.1,19,36.1,-3596.9,9371,12967.9,-,-,-,-,-,-,-,-,-,-35.7,104.8,-,-,140.5,-,-,685.6,1418.2,732.6,-8041.4,11466.9,19508.3,416.4,767.3,350.9,-8457.8,10699.6,3552.3,7147.3,19157.4,14601.4,4556,-8309.3,3324.1,3300.6,1410.6,1890,23.5,11633.4,11576.1,4241.4,7334.7,57.3,-3692.1,1321.5,251.7,1069.8,5013.6,3025.3,1988.3,3543.6,6054,2510.4,-3258.3,6251.6,9509.9,-1024.9,171,1195.9,-2233.4,6080.6,4433.1,1647.5,8314,6547.9,1766.1,-0.6,-0.1,4.9,5,-0.5,108.5,109,18468.9,-5313.2,8330,6046.3,1890,393.7,13643.2,5774.9,7334.7,533.6,3518.1,17631.6,3685.6,-,0,3456.1,229.5,-,-,13946,14059,-,7794.8,1269.4,4994.8,-,-,-113,-,0,-141.8,28.8,-,-,14113.5,3282.1,-,-,-,-,-,-,-,10831.4,9221.7,-,-,-,-,-,-,-,1609.7,-,-,-,-,-,-,-,-1789.9,-,-,-,-,-,-,-,-,2248.1,4916.9,684.1,0,684.1,-245.8,1093.6,-9.8,131.4,972,0,0,0,-1339.4,0,0,-1757.6,418.2,-19.7,437.9,2052.7,0,32.7,182.9,1837.1,486.5,1350.6,2408.5,0,-34.6,2127.7,315.4,329.2,-13.8,17.4,2668.8,1933.4,-1.9,1935.3,1022.2,-4702,0,-2601.5,-1127.8,-972.7,421.5,-1394.2,5724.2,0,0,5538.2,186,-0.7,186.7,-1724.6,326.1,0,-2170.3,119.6,119.6,0,1331.2,0,0,1331.2,0,0,0,106.6,0,19805.8,6260.9
2006-01-01,2094.8,24514.5,329110.9,304596.4,23084.4,326938.7,303854.3,1395,35.1,777.2,742.1,-13040.2,57012,70052.2,-1363.5,2120.5,3484,2152.3,25858.2,2719.9,19955.7,3182.6,23705.9,2138,9877.9,11690,-13092.1,5717,28,5689,18809.1,4514.6,14294.5,5695,7002.9,1307.9,-580.3,273.7,854,42,138.2,96.2,-637.2,111.6,748.8,14.9,23.9,9,680.4,1350.4,1253.8,96.6,670,547.4,122.6,-517.7,724.9,422.5,235.9,66.5,1242.6,613.3,342.8,286.5,-2661.5,2115,4776.5,63.9,81.9,18,-3943.2,10029.5,13972.7,-651.7,336.6,988.3,-2754.5,1085.3,3839.8,-537,8607.6,9144.6,-154.4,228.7,122.4,106.3,383.1,183.8,199.3,680.9,1509.3,828.4,-4997.7,14710.4,19708.1,319.6,708.5,388.9,-5317.3,14001.9,3628.8,10373.1,19319.2,12644.7,6674.5,-6739.4,2925.6,2897.7,1568.4,1329.3,27.9,9665,9604.1,4028.6,5575.5,60.9,-3561.3,2450.2,731.1,1719.1,6011.5,3040.6,2970.9,4983.4,8626.1,3642.7,-4381.8,6065,10446.8,-1062.6,283.7,1346.3,-3319.2,5781.3,4141,1640.3,9100.5,7073.9,2026.6,-69,1.1,10,8.9,-70.1,54,124.1,11966.1,3401.2,12563.1,9887.4,1329.3,1346.4,9161.9,2400.1,5575.5,1186.3,23385.7,31285.9,15261.7,-,81.9,3788.6,11391.2,-,-,16024.2,15949.6,-,3556.6,4096.9,8296.1,-,-,74.6,-,0,106,-31.4,-,-,7900.2,-7949.2,-,0,0,367,-8316.2,-,-,15849.4,15356,-,-83.6,2434.7,6026.8,6978.1,-,-,493.4,-,54.1,0,486.7,-47.4,-,-,-484.4,-,-,-,-,-,-,-,-,-36449.3,7564.9,872.6,0,872.6,1275,4446.6,-31.4,115.7,4223.6,138.7,83.9,54.8,-3171.6,0,0,-3472.3,300.7,-7.1,307.8,1693.9,0,-17.3,464.8,1246.4,284.7,961.7,2392.9,0,-4.9,2530.4,-132.6,18.9,-151.5,1330.5,44014.2,1220.7,39.4,1181.3,44068.4,1697.4,0,-924.2,2346.3,275.3,183.9,91.4,42371,0,0,42568,-197,55.2,-252.2,-1150.8,1680.9,0.8,-3010.7,178.2,146.6,31.6,-39.5,0,0,-39.5,0,0,0,-84.6,0,22112.9,9940.3
2007-01-01,10472.5,32436.1,382802.8,350366.7,31219.5,380358.9,349139.4,1819.4,-602.8,624.5,1227.3,-13039.5,71413,84452.5,-2069.6,2208.3,4277.9,3975.5,33422.8,3149.8,27566.5,2706.5,29447.3,2473.6,13415.1,13558.6,-15854.3,6102.5,44.9,6057.6,21956.8,5025.3,16931.5,7869.4,9697.8,1828.4,-585.4,414.7,1000.1,80,211.3,131.3,-694.5,168.3,862.8,29.1,35.1,6,699.7,2062.1,1929.6,132.5,1362.4,696.1,666.3,-374.7,899.1,481.9,268.7,148.5,1273.8,681.3,291.3,301.2,-3507.6,1826.8,5334.4,47.6,76.5,28.9,-3624.5,12807.4,16431.9,-523.9,583.9,1107.8,-3049.8,1296.2,4346,-50.8,10927.3,10978.1,-227.1,274.9,146.5,128.4,502,246.9,255.1,611.5,1620.1,1008.6,-4536.7,20117.9,24654.6,234.7,716.9,482.2,-4771.4,19401,4747.9,14653.1,24172.4,15226.6,8945.8,-7404.7,4039.9,3991.6,2076.7,1914.9,48.3,11444.6,11374,4331.5,7042.5,70.6,-4760.1,2723.3,756.3,1967,7483.4,3852.6,3630.8,7393.4,12637.8,5244.4,-4387.4,6609.4,10996.8,-1148.7,232.2,1380.9,-3238.7,6377.2,4438,1939.2,9615.9,7537.1,2078.8,5.7,27.8,39.6,11.8,-22.1,116.6,138.7,17126.1,13004.1,21831,18222.6,1914.9,1693.5,8826.9,675.6,7042.5,1108.8,27078,56444,52558,0,873.1,5353.1,46331.8,49314.9,-2983.1,3886,3553.9,0,2072,335.2,1146.7,958.5,188.2,332.1,0,0,0.5,331.6,0,331.6,29366,-28324,-,0,0,401,-28725,-931.2,-27793.8,57690,47895.6,-,4626.6,20229.3,11855.4,11184.3,6157.9,5026.4,9794.4,-,6891.4,4.3,2366.7,532,0,532,-5444.8,-,-,-,-,-,-,-,-,-32639.6,14930.9,626.2,0,626.2,9191.2,8600.6,0,176.7,7834.1,589.8,446.5,143.3,590.6,0,0,825,-234.4,31.4,-265.8,3862.9,0,-73,435,3500.9,2508,992.9,1118.2,0,-0.9,1074.9,44.2,-9.4,53.6,132.4,47570.5,2634.1,10.6,2623.5,41657.8,7459.4,0,-872.3,6611.4,1720.3,544.1,1176.2,34198.4,0,0,33518.2,680.2,82.5,597.7,3511.8,311.8,0.1,2192.2,1007.7,959.6,48.1,-226.7,0,0,-226.7,0,0,0,-6.5,0,15128.4,6647.9
2008-01-01,1753,11746.1,432909.6,421163.5,9670.3,429648.5,419978.2,2044.2,31.6,1216.9,1185.3,-6310.7,91045.4,97356.1,-3139.8,2267,5406.8,7508.3,44695.1,3704.9,37789.6,3200.6,37186.8,2390.8,19289,15507,-9321.3,9734.9,54.4,9680.5,19056.2,4484.5,14571.7,11078.6,13686.2,2607.6,-277.4,466.3,743.7,52.2,180.6,128.4,-355.6,253.3,608.9,26,32.4,6.4,411.3,2151.1,1970,181.1,1739.8,690.6,1049.2,-439.5,946.3,550,247.7,148.6,1385.8,781.6,311,293.2,-3389.1,2434.3,5823.4,3.5,47.2,43.7,-8842.8,13069.2,21912,-592.3,555.7,1148,-4292.8,1497.1,5789.9,-3957.7,11016.4,14974.1,-172.7,341.4,184.1,157.3,514.1,249.9,264.2,270.2,1206.4,936.2,-2415.6,20808.2,23223.8,-124.6,770.5,895.1,-2291,20037.7,5223.8,14813.9,22328.7,14930.9,7397.8,-8909.6,2783.1,2702.7,2666.7,36,80.4,11692.7,11668.7,3791.9,7876.8,24,-1804.2,4393.8,2521.1,1872.7,6198,3262.2,2935.8,8422.8,12860.8,4438,-1266.8,9275.4,10542.2,-1167.5,282.7,1450.2,-99.3,8992.7,6207.6,2785.1,9092,6989.5,2102.5,26.4,26.6,30.7,4.1,-0.2,73.1,73.3,-6494.8,8349,19536.5,17449.7,36,2050.8,11187.5,1281.8,7876.8,2028.9,2421.4,-23480.5,-7120.2,0,5105.4,3225,-15450.6,-10356.7,-5093.9,-16360.3,-16264.8,0,-9134.7,-762.9,-6367.2,-6352.2,-15,-95.5,0,0,-100.8,5.3,74.9,-69.6,-25901.9,-33412.6,-,0,0,-3224.4,-30188.2,-4229.2,-25959,7510.7,6125.3,-,7354.9,-5257.3,-1014.8,5042.5,2060.1,2982.4,1385.4,-,-982.5,5.3,961.8,1400.8,0.3,1400.5,14369.4,12002.9,2366.5,0,0.9,12350.4,2018.1,1965.2,52.9,24811.4,13023,-150.8,0,-150.8,10158.1,4286.3,0,161.1,3787.2,338,102.9,235.1,5871.8,0,0,5658.2,213.6,-30.4,244,5582.1,0,111.8,4354.6,1115.7,1984,-868.3,-2665.2,0,-0.5,-2973.3,308.6,71,237.6,98.8,-11788.4,3366,-19.5,3385.5,-25197.9,122,0,-838.9,-628.4,1589.3,-91.2,1680.5,-25319.9,0,0,-26105.8,785.9,318.9,467,9903.9,10849.2,-0.4,-854.8,-90.1,-56.6,-33.5,90.9,0,0,90.9,0,0,0,48.7,0,-56446,-8274.2
2009-01-01,33087.6,48055.6,363931.1,315875.5,44310.8,359107,314796.2,2067.3,1677.5,2756.8,1079.3,-9337.7,72541.3,81879,-4463,1815.1,6278.1,4815.6,28700.1,3488.8,23093.5,2117.8,23884.5,1319.5,12079.5,10485.5,-5261.6,9773.3,36.3,9737,15034.9,3999.2,11035.7,11746.8,14552.9,2806.1,-394.7,340.2,734.9,36.5,188.6,152.1,-460.1,113.2,573.3,28.9,38.4,9.5,-866,1579.6,1284.8,294.8,2445.6,707.8,1737.8,-444.1,882.8,554.7,202.9,125.2,1326.9,889.1,209.4,228.4,-4100.2,3255.4,7355.6,-3.7,27.2,30.9,-10694.6,10120,20814.6,-454.5,573.6,1028.1,-5379.6,1187.8,6567.4,-4860.5,8358.6,13219.1,-91.2,380.1,229.6,150.5,471.3,221.5,249.8,419,1114.6,695.6,-3435.7,14711.2,18146.9,-375,611.6,986.6,-3060.7,14099.6,3324.5,10775.1,17160.3,12117.8,5042.5,-8295.6,2610.8,2488.7,2294.9,193.8,122.1,10906.4,10862.9,3819.5,7043.4,43.5,-2617.5,1964.7,835.8,1128.9,4582.2,1254.9,3327.3,7852.4,9524.1,1671.7,-2194.6,7901.9,10096.5,-1304,98.7,1402.7,-890.6,7803.2,5387.9,2415.3,8693.8,6505.3,2188.5,-69.6,-0.4,1.8,2.2,-69.2,13.7,82.9,27180.9,8378.6,17400.5,14835,193.8,2371.7,9021.9,1505.3,7043.4,473.2,-51187.5,-1400.9,2103.7,0,3389.2,2071.3,-3356.8,-353,-3003.8,-3504.6,-3382.7,0,94.8,-929.3,-2548.2,-3327.9,779.7,-121.9,0,0,0,-121.9,-19,-102.9,49786.6,24743.9,-,0,0,369.4,24374.5,8041.4,16333.1,25042.7,18314.7,-,4349.6,8688.3,2318.3,2958.5,-2364.5,5323,6728,-,5694,0,25.1,1008.9,-26,1034.9,3093,3854.3,-761.3,-1819.3,5.7,6516.4,-1609.8,-1754.5,144.7,-1769.6,-4751.1,204.4,0,204.4,-360.7,2908.1,0,212.2,2378.8,317.1,31.5,285.6,-3268.8,0,0,-3792.8,524,13.7,510.3,-3153.8,0,272.3,-2516.6,-909.5,137.4,-1046.9,-1544.5,0,-1.5,-1619.7,76.7,-84.7,161.4,103.5,-2981.5,-1146.3,-10.2,-1136.1,7488.9,4088.2,0,-760.8,4066.3,782.7,-275.3,1058,3400.7,0,0,3197.8,202.9,44.6,158.3,-13171.1,-12630.9,-0.1,-610,69.9,12.7,57.2,216.1,0,0,216.1,0,0,0,-6.4,3637.3,68666.4,-5837.1
2010-01-01,27950.5,47932.3,463834.7,415902.4,41303.2,455698.1,414394.9,5225.7,1403.4,2910.9,1507.5,-13972.8,82948.7,96921.5,-4743.1,2277.6,7020.7,8656.7,38987.2,4051.9,32244.6,2690.7,30330.5,2021.5,12918.4,15390.6,-8502.9,10262.8,37.4,10225.4,18765.7,4488,14277.7,9675.2,11977.4,2302.2,-367.4,515,882.4,5.8,177.1,171.3,-390.3,306.3,696.6,17.1,31.6,14.5,-267.6,1646,1527.1,118.9,1913.6,843.1,1070.5,-410.6,1031.3,599.9,346.8,84.6,1441.9,892.2,223.9,325.8,-5994.5,3188.4,9182.9,-27.7,13.6,41.3,-11811.2,11636.8,23448,-788.5,382.4,1170.9,-5370.9,1319.4,6690.3,-5651.8,9935,15586.8,-244,395.8,226.7,169.1,639.8,294.1,345.7,64.3,1016.8,952.5,-692.5,21976.2,22668.7,-770.3,728.5,1498.8,77.8,21247.7,10081.9,11165.8,21169.9,15489.1,5680.8,-5203.2,8954,8870,3586.7,5283.3,84,14157.2,14129.3,6020.3,8109,27.9,-3558.8,2541.1,1211.9,1329.2,6099.9,1359.8,4740.1,8839.8,9752.6,912.8,-5316.5,7049.6,12366.1,-1270.7,137.8,1408.5,-4045.8,6911.8,5125.2,1786.6,10957.6,8045.4,2912.2,-63.2,10.8,11.2,0.4,-74,50.6,124.6,21520.5,18724.2,28221.6,19869.8,5283.3,3068.5,9497.4,320.5,8109,1067.9,-42364.7,1265.4,2954,0,8925.9,101.1,-6073,-6147.7,74.7,-1688.6,-1674,0,1450.4,-656.9,-2467.5,-2783.2,315.7,-14.6,0,0,4,-18.6,-3.5,-15.1,43630.1,23595.3,-,0,0,349.9,23245.4,915.5,22329.9,20034.8,20704.1,-,877,15359,2173.5,2294.6,1002.1,1292.5,-669.3,-,-936.8,0,-930.9,1198.4,1189,9.4,-828.9,-1189,360.1,0,0,-205.3,-623.6,-630.9,7.3,19019.3,9972.1,845.7,0,845.7,5957.2,1896.1,0,317.5,1419,159.6,159.1,0.5,4061.1,0,0,3528.8,532.3,-101.9,634.2,146,0,-668.1,6.6,807.5,1108.8,-301.3,2870.2,0,-1.2,2516.4,355,130.4,224.6,153,-9047.2,1512.2,5.7,1506.5,-9228.6,5103,0,-660,3614.3,2148.7,-99.1,2247.8,-14331.6,0,0,-15098.7,767.1,144,623.1,-1424.2,-93,1.8,263.7,-1596.7,-1702.8,106.1,107.8,0,-650.9,1018.8,-260.1,-200.5,-59.6,-14.4,0,26970.6,-6366.8
2011-01-01,16638.2,28014.3,587213,559198.7,21370.8,578994.5,557623.7,5145.6,1497.9,3072.9,1575,-12056.5,90559.7,102616.2,-7249.6,2186.7,9436.3,6331.6,36978,4967.1,28991.6,3019.3,30646.4,2275,12259.2,16112.2,-7558.1,12362.2,128.3,12233.9,19920.3,4389.5,15530.8,11683.7,15478.4,3794.7,-167.8,518.4,686.2,55.1,205.3,150.2,-233.9,288.7,522.6,11,24.4,13.4,-230.2,1794.7,1658.9,135.8,2024.9,894.4,1130.5,-216,1318.7,580.7,523.1,214.9,1534.7,925.7,221.7,387.3,-3016,4399,7415,202.3,230.7,28.4,-11806.8,13577.6,25384.4,-1379.7,474.4,1854.1,-4720.7,1548.9,6269.6,-5706.4,11554.3,17260.7,-87.6,520.8,271.3,249.5,608.4,260.6,347.8,58,1194.5,1136.5,5396,26665.5,21269.5,-804.8,771.6,1576.4,6200.8,25893.9,14134.7,11759.2,19693.1,14686.8,5006.3,-271.3,13067.5,12933,4131.3,8801.7,134.5,13338.8,13303.5,5950.2,7353.3,35.3,-2578.4,2991.2,1201.7,1789.5,5569.6,1383.3,4186.3,9050.5,9835.2,784.7,-4715.6,8432.2,13147.8,-1248.7,250.9,1499.6,-3466.9,8181.3,5830.6,2350.7,11648.2,8403.4,3244.8,-112,-0.4,0.8,1.2,-111.6,22.8,134.4,22920.3,19874.7,29647.7,17830.2,8801.7,3015.8,9773,2139.3,7353.3,280.4,-13142.7,4138.4,988.8,0,5908.8,604.3,-5524.3,-5475.4,-48.9,3149.6,2939.9,0,-43.2,1878.7,1104.4,338.4,766,209.7,0,0,151.1,58.6,12,46.6,17281.1,-6851.4,-,0,0,124.9,-6976.3,4118.9,-11095.2,24132.5,24022.2,-,-1653,9534,7076.1,9065.1,1793.3,7271.8,110.3,-,-306,-28.5,-545.2,990,212.3,777.7,1031.3,780.8,250.5,0,0,-1026,2057.3,1698.6,358.7,1204.2,19602.8,672.9,0,672.9,14211.5,6448.3,0,346.5,5989.3,112.5,53.3,59.2,7763.2,0,0,6999,764.2,465,299.2,3305.5,0,1564.2,1864.9,-123.6,848.7,-972.3,1027.1,0,-1802.2,2430.3,399,257.8,141.2,385.8,18398.6,-1451.6,-20.7,-1430.9,11549.7,19226.4,0,-627.9,15865.2,3989.1,376.2,3612.9,-7676.7,0,0,-7860,183.3,97.9,85.4,9810.1,-70.2,-0.5,8622.7,1258.1,974.8,283.3,-1567.1,0,-1091.4,-443.1,-32.6,-32.4,-0.2,57.5,0,13952.8,6394.1
2012-01-01,48790.6,48589.3,603664.8,555075.5,36914.1,590561.1,553647,10087.3,1587.9,3016.4,1428.5,-5057.5,103134.3,108191.8,-6652.6,2567.1,9219.7,10131.4,41444.7,5457.9,31146.2,4840.6,31313.3,2289.3,12760,16264,-7372,13272.9,71.8,13201.1,20644.9,4150.4,16494.5,16345.4,19708.6,3363.2,-304.4,489.7,794.1,133.1,288.3,155.2,-441.4,162.9,604.3,3.9,38.5,34.6,-436.4,1837.8,1623.9,213.9,2274.2,1011.7,1262.5,1.4,1517.8,600.2,751.2,166.4,1516.4,953.9,237.2,325.3,-4713.7,3902.9,8616.6,168.2,205.7,37.5,-12412.4,16277.2,28689.6,-1833.8,500.8,2334.6,-5566.2,1752.2,7318.4,-5012.4,14024.2,19036.6,-95,674.9,389.1,285.8,769.9,338.4,431.5,282.6,1235,952.4,10732.9,29152.5,18419.6,-796.6,729.3,1525.9,11529.5,28423.2,16617.5,11805.7,16893.7,12270,4623.7,4897.9,15751.2,15529.4,7501.4,8028,221.8,10853.3,10831.5,5343,5488.5,21.8,-2182.5,3113.8,1088.1,2025.7,5296.3,1438.5,3857.8,8814.1,9558.2,744.1,-5474.1,8558,14032.1,-1986.6,166.2,2152.8,-3487.5,8391.8,5859.8,2532,11879.3,8230.2,3649.1,-41.7,-4.1,2.6,6.7,-37.6,18.1,55.7,48389.3,21102.8,30598.7,19480.7,8028,3090,9495.9,2488.6,5488.5,1518.8,-6747.8,26079.5,14619.5,0,13647.6,299,672.9,1269.1,-596.2,11460,11153.1,0,3587.6,455.5,7110,5919.6,1190.4,306.9,0,0,128.5,178.4,178.5,-0.1,32827.3,16572.5,-,0,0,-67.8,16640.3,3194.1,13446.2,16254.8,12017.1,-,-2023.9,4039.7,5146.6,4854.7,-325.8,5180.5,4237.7,-,5909.2,-1155,-288.1,-228.4,-171.7,-56.7,-2627.8,-2080.4,-547.4,0,0,-2352.7,-275.1,-12.4,-262.7,23477.6,5259.6,-369.1,0,-369.1,5566.5,4563.6,0,439.6,2799.1,1324.9,937.1,387.8,1002.9,0,0,449,553.9,170.5,383.4,425.4,0,619.8,1606.1,-1800.5,-760.4,-1040.1,-585.3,0,171.4,-936.2,179.5,-64.7,244.2,222.1,-18218,-1817.1,-29.4,-1787.7,-13050.6,1669.3,0,-462.1,89.6,2041.8,106,1935.8,-14719.9,0,0,-14791.6,71.7,1.4,70.3,-4207.7,151.8,0.8,-3605.5,-754.8,-696.9,-57.9,757.7,0,-471.5,1185,44.2,24.7,19.5,99.7,0,13184.5,-359.6
2013-01-01,77258.9,80259,618393.3,538134.3,65680.7,602497.4,536816.7,14609.2,-30.9,1286.7,1317.6,-6328.8,103324.2,109653,-5707.9,2940.8,8648.7,7340.6,37586.8,5065.3,27904.4,4617.1,30246.2,2810.8,12184.1,15251.3,-7255.2,14392.4,104,14288.4,21647.6,4306.9,17340.7,15522.5,20374.8,4852.3,-274.6,640.9,915.5,206.3,362.6,156.3,-480.5,236.9,717.4,-0.4,41.4,41.8,-755.2,1294.3,1006.8,287.5,2049.5,920.2,1129.3,325.3,2157.4,646.6,1187.1,323.7,1832.1,1049,414.2,368.9,-5481.5,4355.3,9836.8,-17.3,1.9,19.2,-10072.2,17640.3,27712.5,-1519.3,618.4,2137.7,-5227.4,1854,7081.4,-3325.5,15167.9,18493.4,-83.8,730.9,441.2,289.7,814.7,445,369.7,130.5,1208.4,1077.9,7518,28982.3,21464.3,-839.7,741,1580.7,8357.7,28241.3,16799.2,11442.1,19883.6,13952.5,5931.1,3194.2,15608.3,15252.7,7981,7271.7,355.6,12414.1,12350,6395.9,5954.1,64.1,-2904.5,3856.1,1546.5,2309.6,6760.6,1602.5,5158.1,8068,8776.9,708.9,-4189.3,8778.6,12967.9,-1571.3,249.5,1820.8,-2618,8529.1,5734.4,2794.7,11147.1,7821.9,3325.2,-27,2.9,9.3,6.4,-29.9,49.7,79.6,78260.7,15551.2,28317.8,17516.5,7271.7,3529.6,12766.6,3965.3,5954.1,2847.2,9344.5,27494.2,13759.1,0,14020,-48.5,-212.4,149.8,-362.2,13735.1,13538.8,0,1792.9,2819.9,8926,6932,1994,196.3,0,19.4,22.1,154.8,111.4,43.4,18149.7,4383.2,-,0,0,43.9,4339.3,-72,4411.3,13766.5,18446.1,-,6242.7,2091.9,5436.1,4675.4,-39.5,4714.9,-4679.6,-,-5447.2,-226.9,-378.7,1373.2,-2.7,1375.9,-4410.3,-3428,-982.3,0,0,-2464.7,-1945.6,-1905.2,-40.4,41479.2,33451.1,1558.7,0,1558.7,22584.8,6663.6,0,600.4,5436.7,626.5,532.9,93.6,15921.2,0,0,15445.7,475.5,446.6,28.9,10692.4,482.3,1573.2,7647.5,989.4,1358.9,-369.5,-1616,0,-2167,299.4,251.6,101.9,149.7,231.2,-8028.1,293,4.7,288.3,-6273.2,-523.3,0,-0.8,-929.2,406.7,0.4,406.3,-5749.9,0,0,-5107.2,-642.7,-308.7,-334,-1514.5,595,0.3,-2379.9,270.1,193.3,76.8,-562.5,0,-2.2,-560.1,-0.2,-1.8,1.6,29.1,0,16296.1,1028.8
2014-01-01,83029.6,86145,613396.5,527251.5,74061.3,600048.3,525987,12296.9,-213.2,1051.3,1264.5,-3290.1,111902.3,115192.4,-5644,3047.6,8691.6,6193.9,38137.5,4930.3,28851.9,4355.3,31943.6,2943.6,13886.6,15113.4,-5732.2,17459.8,123.9,17335.9,23192,3722.1,19469.9,15287.9,19357.5,4069.6,60,801.7,741.7,204.7,384.3,179.6,-149.3,379.9,529.2,4.6,37.5,32.9,-333.7,1431.3,1129,302.3,1765,1020.4,744.6,967.1,2993.9,554.4,1879.8,559.7,2026.8,789.1,879.2,358.5,-5004.4,5541.6,10546,-58.1,119.7,177.8,-9144.8,20945,30089.8,-2217.2,768.3,2985.5,-3608.5,2139.1,5747.6,-3319.1,18037.6,21356.7,16.4,921.6,551.4,370.2,905.2,471,434.2,101.8,1145.1,1043.3,5159.4,28232.8,23073.4,-835.6,790.9,1626.5,5995,27441.9,15493.5,11948.4,21446.9,14441.4,7005.5,1855.8,13785.2,13498.6,8187.1,5311.5,286.6,11929.4,11810.5,7695.7,4114.8,118.9,-3615,4840.5,1994.9,2845.6,8455.5,2630.9,5824.6,7754.2,8816.2,1062,-4984.7,8873.9,13858.6,-1223.6,159.2,1382.8,-3761.1,8714.7,5782.6,2932.1,12475.8,8351.1,4124.7,-8.9,1,7.4,6.4,-9.9,46.3,56.2,86349.4,18724.9,27998.5,17460,5311.5,5227,9273.6,3772.1,4114.8,1386.7,30608.9,39816.8,13963.3,0,14548,311.6,-896.3,926.2,-1822.5,25853.5,25234.9,0,6548.1,2602.2,16084.6,12190.1,3894.5,618.6,0,244,374.5,0.1,-14.2,14.3,9207.9,6753.2,-,0,0,42,6711.2,2921.2,3790,2454.7,2335.8,-,-1751.6,5663.7,1059.8,-2636.1,-504.1,-2132,118.9,-,1056.6,40.2,-870.9,-107,-6.8,-100.2,-3826.9,-2115.9,-1711,0,0,-2753.1,-1073.8,-1031.2,-42.6,22956.7,34021.4,1326.2,0,1326.2,10461.2,6015.4,0,510.3,5051.5,453.6,469.5,-15.9,4445.8,0,0,4862.7,-416.9,-772.3,355.4,16795.2,0,1130.2,6616.1,9048.9,9334.1,-285.2,5195,0,-968.8,5692.6,471.2,-3.3,474.5,243.8,11064.7,-544.2,-3.9,-540.3,10894.4,5335.6,0,-0.8,3431.3,1905.1,-237.2,2142.3,5558.8,0,0,4854.1,704.7,7.6,697.1,-408.7,100.9,8.9,-484.8,-33.7,-230.9,197.2,1085.5,0,517.8,558.4,9.3,4.5,4.8,37.7,0,17885.8,3328.7
2015-01-01,105118.6,120275,543082.5,422807.5,112593.3,534206.7,421613.4,7957.7,-276,918.1,1194.1,-14625.8,97498.6,112124.4,-6095.5,2587.1,8682.6,4650.9,34143.9,3913.1,26505.2,3725.6,29493,2687.4,12817.5,13988.1,-10471.5,14798.4,122.6,14675.8,25269.9,3741.9,21528,9643.4,12234.3,2590.9,-97,736.7,833.7,142,388.1,246.1,-244.3,316.2,560.5,5.3,32.4,27.1,-76.6,1638.6,1311.6,327,1715.2,904.7,810.5,702.5,3501.8,656.8,2340.9,504.1,2799.3,721.4,1678.2,399.7,-3502.4,6553.5,10055.9,-31.3,320.8,352.1,-9288.3,19039.7,28328,-1950.5,989.4,2939.9,-3088,2242.9,5330.9,-4249.8,15807.4,20057.2,223.6,888.3,581.3,307,664.7,336.4,328.3,-283.6,1055.5,1339.1,4454.6,25101.5,20646.9,-402.2,870.5,1272.7,4856.8,24231,11937.7,12293.3,19374.2,13632.4,5741.8,202,10786.1,10003.4,6150.5,3852.9,782.7,10584.1,10363.3,8350.3,2013,220.8,-1843,5548.3,1934.3,3614,7391.3,3269.1,4122.2,6497.8,7896.6,1398.8,-4985.2,8844.4,13829.6,-1404.2,287.2,1691.4,-3581,8557.2,5593.4,2963.8,12138.2,7446.8,4691.4,-60.2,25.7,37.7,12,-85.9,50.7,136.6,102784.5,19583,23687.1,16726.6,3852.9,3107.6,4104.1,4429.1,2013,-2338,49529.8,41878.9,16383.8,0,8980.9,326.1,7076.8,5477.2,1599.6,25495.1,25384.3,0,1534.1,7868,15982.2,15907.7,74.5,110.8,0,-73.1,237.5,-53.6,-2.6,-51,-7650.9,-1758.8,-,0,0,35.8,-1794.6,937.2,-2731.8,-5892.1,-10374.8,-,-5046.1,1734,-3541.3,-3521.4,205.6,-3727,4482.7,-,4435.4,0,28.8,18.5,0,18.5,1791.3,2832.3,-1041,0,-0.2,1326.2,465.3,1016.1,-550.8,19827.8,10730.9,-3607.2,0,-3607.2,10202.9,11669,0,560.1,11033.3,75.6,70.7,4.9,-1466.1,0,0,-1723.9,257.8,178.2,79.6,7286.2,0,-423.3,-131.7,7841.2,8207.9,-366.7,-3396,0,-1226,-2516.6,346.6,-300.5,647.1,245,-9096.9,-4434.2,-4.8,-4429.4,281.5,1086,0,-1.7,-1012.1,2099.8,-264.1,2363.9,-804.5,0,0,-1554.7,750.2,13.1,737.1,-4688.7,107,49.1,-4010.5,-834.3,-766.6,-67.7,-262.2,0,127.1,262.5,-651.8,-657.9,6.1,6.7,0,12052.6,-2273.9
2016-01-01,97923.7,116461.7,511926.1,395464.4,106090.1,500674,394583.9,10100,271.6,1152.1,880.5,-17338.4,94809.1,112147.5,-5761.9,2426.9,8188.8,-1328.5,27427,4037.5,19738.2,3651.3,28755.5,2574.1,12904,13277.4,-10357.4,16885.8,131.9,16753.9,27243.2,3554.6,23688.6,9556.5,11780.3,2223.8,-283.3,682,965.3,64.7,283.8,219.1,-354.7,372.6,727.3,6.7,25.6,18.9,61.5,1781.6,1261.1,520.5,1720.1,833.4,886.7,990.5,3718.9,605.4,2358,755.5,2728.4,720.9,1620.4,387.1,-2493.4,6936,9429.4,0.9,332.2,331.3,-7721.2,20790.4,28511.6,-2240.8,818.4,3059.2,-3209.5,2241.9,5451.4,-2270.9,17730.1,20001,468.3,1132.3,824.8,307.5,664,305,359,-470.4,915.7,1386.1,4567.1,26472.8,21905.7,-876.6,823.8,1700.4,5443.7,25649,13036.2,12612.8,20205.3,14488,5717.3,-123.5,11475.9,10410.8,5192,5218.8,1065.1,11599.4,11021.3,8805.5,2215.8,578.1,-437,6718.5,2625.4,4093.1,7155.5,3466.7,3688.8,6004.2,7454.6,1450.4,-5766.7,8742.7,14509.4,-1378.7,321.9,1700.6,-4388,8420.8,5699.8,2721,12808.8,9083.9,3724.9,-46.2,8.2,15.8,7.6,-54.4,65.3,119.7,99811.3,17785.2,29889.5,20585.1,5218.8,4085.6,12104.3,6047.2,2215.8,3841.3,66970.2,63200.3,20900.3,0,12281.6,560.2,8058.5,7365.3,693.2,42300,42230,0,879.8,9303.5,32046.7,30579.5,1467.2,70,0,-160,229.5,0.5,-112.2,112.7,-3769.9,13272.3,-,0,0,171,13101.3,-525.3,13626.6,-17042.2,-11234.3,-,-9210.5,4197.9,-3887.5,-2334.2,1217.8,-3552,-5807.9,-,-5917,-5.1,-18.7,132.9,0,132.9,-3440.1,-2811.1,-629,0,0.4,-2595.6,-844.9,-839.5,-5.4,10880.8,10168.3,871.2,0,871.2,3141.2,2983.3,0,561.4,2405.7,16.2,0,16.2,157.9,0,0,-319.5,477.4,292.5,184.9,6589,0,-2293.1,-1107.7,9989.8,10765.8,-776,-927.5,0,-367.8,-358,-201.7,-66.5,-135.2,494.4,-712.5,638.3,-9.7,648,-2823.1,-4792.4,0,-0.4,-5546.8,754.8,-409,1163.8,1969.3,0,0,1472.9,496.4,132,364.4,1762.3,88.5,46.7,1207.2,419.9,344,75.9,-264,0,215.8,-122.6,-357.2,-344.9,-12.3,-26,0,7615.2,1933.8
2017-01-01,75230.9,113592.9,580310.2,466717.3,102954.8,567559.2,464604.4,12193.1,-1555,557.9,2112.9,-36734.1,89701.3,126435.4,-6955,2226.6,9181.6,-5418.4,24784.5,3805.4,17089.1,3890,30202.9,2761.7,15550.3,11890.9,-18323.7,13367.7,103.8,13263.9,31691.4,3731.6,27959.8,7877.9,10588.1,2710.2,-106,1113.7,1219.7,431.1,532.7,101.6,-540.1,561.4,1101.5,3,19.6,16.6,296.4,2240.8,1481.7,759.1,1944.4,905.3,1039.1,1125.6,4579.5,522.4,2918.1,1139,3453.9,720,2337.7,396.2,-2414.8,7286.8,9701.6,-99,366.7,465.7,-12213.5,21240.4,33453.9,-3118.2,756.5,3874.7,-4419.3,2417.3,6836.6,-4676,18066.6,22742.6,197.6,925.4,626.1,299.3,727.8,349,378.8,-701.2,981.1,1682.3,5336.9,29472.2,24135.3,-1207.6,682.8,1890.4,6544.5,28789.4,15505,13284.4,22244.9,17307.1,4937.8,51.4,12565.9,11472.3,5756.7,5715.6,1093.6,12514.5,12173.1,9696.3,2476.8,341.4,447.8,8290,4032.7,4257.3,7842.2,5134,2708.2,6045.3,7933.5,1888.2,-6964.8,9706.7,16671.5,-333.6,1140.6,1474.2,-6631.2,8566.1,5843.6,2722.5,15197.3,10997.6,4199.7,-26.8,60.1,175.3,115.2,-86.9,74.2,161.1,84425.3,16156.5,34069.4,22467.8,5715.6,5886,17912.9,8929.6,2476.8,6506.5,57853,75325.7,33918.5,0,14122.7,1229.1,18566.7,16897.1,1669.6,41407.2,41486.5,0,1457,7520.9,32508.6,28976.1,3532.5,-79.3,0,0,-221.8,142.5,206.8,-64.3,17472.7,8676.8,-,0,0,643.5,8033.3,4184.4,3848.9,8795.9,7875.8,-,2464.9,5585.8,-915.7,740.8,3090.9,-2350.1,920.1,-,1241,-0.9,103.3,-423.3,0,-423.3,-8253.3,-6323.9,-1929.4,0,1.3,-4579.3,-3675.3,-3829.5,154.2,14312,15681.6,3182.2,0,3182.2,8497.9,2044.4,0,581,1649.1,-185.7,-206.7,21,6453.5,0,0,5647,806.5,814,-7.5,429,0,-233.4,-449.1,1111.5,994.9,116.6,3228.3,0,360.7,4657.3,-1789.7,-2233.8,444.1,344.2,1369.6,1473.5,0.1,1473.4,-4387.5,-2614.6,0,-0.2,-3118.1,503.7,-30.8,534.5,-1772.9,0,0,-2333.4,560.5,160.4,400.1,4320.6,67.1,43.5,2970.3,1239.7,1223,16.7,-31.8,0,1.4,1468.4,-1501.6,-1533.3,31.7,-5.2,0,4357.1,9221.2
2018-01-01,76408.5,111866.6,625437.4,513570.8,97773.4,610367.4,512594,14525.2,-432,544.8,976.8,-29737.1,99057.2,128794.3,-7557.5,2291.7,9849.2,-4373.9,27712.9,4536.6,18646.6,4529.7,32086.8,2795.5,17011.9,12279.4,-16654,15319.3,112.9,15206.4,31973.3,3559.1,28414.2,9483.1,12748.9,3265.8,-97.1,853.5,950.6,279,420.3,141.3,-379.5,417,796.5,3.4,16.2,12.8,846.1,2861.3,1813.6,1047.7,2015.2,902.5,1112.7,2106.8,5129,631.3,2813.6,1684.1,3022.2,798.7,1800.8,422.7,-2128.6,7752.3,9880.9,-15.7,499.9,515.6,-11211.2,21680.6,32891.8,-3562.5,836.6,4399.1,-4130.7,2476.3,6607,-3518,18367.7,21885.7,259.5,1107.6,769.6,338,848.1,448.9,399.2,-394.6,1100.2,1494.8,2777.7,34481.6,31703.9,-1483.7,468.4,1952.1,4261.4,34013.2,16710.6,17302.6,29751.8,22360.8,7391,-3090.1,12606,11326.3,5965.3,5361,1279.7,15696.1,15266.4,12067.6,3198.8,429.7,855.1,11605.2,5384.3,6220.9,10750.1,7094.4,3655.7,6496.4,9802,3305.6,-8498.7,9356.5,17855.2,-1577.4,212.1,1789.5,-6921.3,9144.4,6254.3,2890.1,16065.7,11457.1,4608.6,188.9,-16.2,11.5,27.7,205.1,348.5,143.4,70489.3,24437.9,38917.2,28086.7,5361,5469.5,14479.3,11032.5,3198.8,248,43884,64992.4,35719.5,0,17945.2,-0.3,17774.6,15775.8,1998.8,29272.9,28326.9,0,3420.6,5102.1,19804.2,17942.4,1861.8,946,0,0,36.4,909.6,909.6,0,21108.4,-6336.4,-,0,0,387,-6723.4,-735.5,-5987.9,27444.8,21366.8,-,1241,8388.5,7641.6,4095.7,1833.8,2261.9,6078,-,5090,-0.7,353.5,635.2,8,627.2,-1311.1,255.1,-1566.2,0,0.2,-805.5,-505.8,-866.6,360.8,-14013.4,-7412.4,2145.9,0,2145.9,-2711.8,-488.4,0,657.4,-1423.9,278.1,266.9,11.2,-2223.4,0,0,-1706.5,-516.9,-545.8,28.9,-3462.7,0,-779.4,2449.4,-5132.7,-3994.3,-1138.4,-3747.8,0,-569.9,-3495.3,317.4,-258.5,575.9,364,6601,731.8,0,731.8,8633.9,2744.7,0,0,1969.8,774.9,126.5,648.4,5889.2,0,0,5218.6,670.6,-188.7,859.3,322.8,-612.7,52.6,282.5,600.4,463.8,136.6,-3088.4,0,-907.1,-1973.1,-208.2,-199.8,-8.4,0.9,0,17491.9,-6108.1
